time_s,oxygen_nmol_ml,chamber,source_column,dataset,event
210.0,178.0249895994711,B,O2 conc.B [nmol/mL],dataset_I,start
211.1111111111111,177.5883195158098,B,O2 conc.B [nmol/mL],dataset_I,
212.2222222222222,178.1786878493758,B,O2 conc.B [nmol/mL],dataset_I,
213.3333333333333,177.5047066309368,B,O2 conc.B [nmol/mL],dataset_I,
214.4444444444445,177.3146552429357,B,O2 conc.B [nmol/mL],dataset_I,
215.5555555555555,178.3065848663207,B,O2 conc.B [nmol/mL],dataset_I,
216.6666666666667,178.3197155095459,B,O2 conc.B [nmol/mL],dataset_I,
217.7777777777778,178.062158902302,B,O2 conc.B [nmol/mL],dataset_I,
218.8888888888889,177.15999015846,B,O2 conc.B [nmol/mL],dataset_I,
220.0,177.424978987219,B,O2 conc.B [nmol/mL],dataset_I,
221.1111111111111,177.4784954614844,B,O2 conc.B [nmol/mL],dataset_I,
222.2222222222222,177.48810797229,B,O2 conc.B [nmol/mL],dataset_I,
223.3333333333333,176.8143332547116,B,O2 conc.B [nmol/mL],dataset_I,
224.4444444444445,177.1008040865318,B,O2 conc.B [nmol/mL],dataset_I,
225.5555555555555,177.0792364957331,B,O2 conc.B [nmol/mL],dataset_I,
226.6666666666667,177.1087954980995,B,O2 conc.B [nmol/mL],dataset_I,
227.7777777777778,177.2267327666748,B,O2 conc.B [nmol/mL],dataset_I,
228.8888888888889,176.5296460803819,B,O2 conc.B [nmol/mL],dataset_I,
230.0,177.1787882889134,B,O2 conc.B [nmol/mL],dataset_I,
231.1111111111111,177.0052715654923,B,O2 conc.B [nmol/mL],dataset_I,
232.2222222222222,176.3136920636038,B,O2 conc.B [nmol/mL],dataset_I,
233.3333333333333,176.4269931490296,B,O2 conc.B [nmol/mL],dataset_I,
234.4444444444445,176.565604888946,B,O2 conc.B [nmol/mL],dataset_I,
235.5555555555555,176.1179100372462,B,O2 conc.B [nmol/mL],dataset_I,
236.6666666666667,176.1071245995117,B,O2 conc.B [nmol/mL],dataset_I,
237.7777777777778,175.7282272864493,B,O2 conc.B [nmol/mL],dataset_I,
238.8888888888889,175.1748908100596,B,O2 conc.B [nmol/mL],dataset_I,
240.0,174.6120273451239,B,O2 conc.B [nmol/mL],dataset_I,
241.1111111111111,174.7463244183693,B,O2 conc.B [nmol/mL],dataset_I,
242.2222222222222,175.1328352292581,B,O2 conc.B [nmol/mL],dataset_I,
243.3333333333333,173.8461499557357,B,O2 conc.B [nmol/mL],dataset_I,
244.4444444444445,174.6602333326005,B,O2 conc.B [nmol/mL],dataset_I,
245.5555555555555,174.3369785059895,B,O2 conc.B [nmol/mL],dataset_I,
246.6666666666667,173.7580347160549,B,O2 conc.B [nmol/mL],dataset_I,
247.7777777777778,174.0304610755993,B,O2 conc.B [nmol/mL],dataset_I,
248.8888888888889,173.9378020466876,B,O2 conc.B [nmol/mL],dataset_I,
250.0,173.3158537878552,B,O2 conc.B [nmol/mL],dataset_I,
251.1111111111111,173.0786899622406,B,O2 conc.B [nmol/mL],dataset_I,
252.2222222222222,173.0132839585967,B,O2 conc.B [nmol/mL],dataset_I,
253.3333333333333,173.5073851501208,B,O2 conc.B [nmol/mL],dataset_I,
254.4444444444445,172.063727146006,B,O2 conc.B [nmol/mL],dataset_I,
255.5555555555555,172.8428688366778,B,O2 conc.B [nmol/mL],dataset_I,
256.6666666666667,172.5647418059516,B,O2 conc.B [nmol/mL],dataset_I,
257.7777777777778,172.9175497292619,B,O2 conc.B [nmol/mL],dataset_I,
258.8888888888889,172.2170766818542,B,O2 conc.B [nmol/mL],dataset_I,
260.0,171.4097310815323,B,O2 conc.B [nmol/mL],dataset_I,
261.1111111111111,171.7923039682639,B,O2 conc.B [nmol/mL],dataset_I,
262.2222222222222,172.3242233933757,B,O2 conc.B [nmol/mL],dataset_I,
263.3333333333333,171.7838680812764,B,O2 conc.B [nmol/mL],dataset_I,
264.4444444444445,171.5572704035425,B,O2 conc.B [nmol/mL],dataset_I,
265.5555555555555,170.4768559611992,B,O2 conc.B [nmol/mL],dataset_I,
266.6666666666667,170.8158387553477,B,O2 conc.B [nmol/mL],dataset_I,
267.7777777777778,170.2581338313726,B,O2 conc.B [nmol/mL],dataset_I,
268.8888888888889,170.3763792838041,B,O2 conc.B [nmol/mL],dataset_I,
270.0,169.630460505212,B,O2 conc.B [nmol/mL],dataset_I,
271.1111111111111,170.2666794572777,B,O2 conc.B [nmol/mL],dataset_I,
272.2222222222222,169.8197688593206,B,O2 conc.B [nmol/mL],dataset_I,
273.3333333333333,169.6590940106673,B,O2 conc.B [nmol/mL],dataset_I,
274.4444444444445,169.0706219052059,B,O2 conc.B [nmol/mL],dataset_I,
275.5555555555555,169.2049930083006,B,O2 conc.B [nmol/mL],dataset_I,
276.6666666666667,169.3596557814445,B,O2 conc.B [nmol/mL],dataset_I,
277.7777777777778,168.3332302186842,B,O2 conc.B [nmol/mL],dataset_I,
278.8888888888889,169.2372089268917,B,O2 conc.B [nmol/mL],dataset_I,
280.0,168.3909863483847,B,O2 conc.B [nmol/mL],dataset_I,
281.1111111111111,168.543327954572,B,O2 conc.B [nmol/mL],dataset_I,
282.2222222222222,167.8857636096587,B,O2 conc.B [nmol/mL],dataset_I,
283.3333333333334,168.8641767321663,B,O2 conc.B [nmol/mL],dataset_I,
284.4444444444445,168.2873881075732,B,O2 conc.B [nmol/mL],dataset_I,
285.5555555555555,168.4245289747475,B,O2 conc.B [nmol/mL],dataset_I,
286.6666666666667,166.3619463088044,B,O2 conc.B [nmol/mL],dataset_I,
287.7777777777778,167.0181245828259,B,O2 conc.B [nmol/mL],dataset_I,
288.8888888888889,167.2542741036937,B,O2 conc.B [nmol/mL],dataset_I,
290.0,167.6197789642177,B,O2 conc.B [nmol/mL],dataset_I,
291.1111111111111,166.6074577399278,B,O2 conc.B [nmol/mL],dataset_I,
292.2222222222222,167.3018268495818,B,O2 conc.B [nmol/mL],dataset_I,
293.3333333333334,165.6097830998684,B,O2 conc.B [nmol/mL],dataset_I,
294.4444444444445,166.340874448528,B,O2 conc.B [nmol/mL],dataset_I,
295.5555555555555,165.7727688003245,B,O2 conc.B [nmol/mL],dataset_I,
296.6666666666667,165.2652198746826,B,O2 conc.B [nmol/mL],dataset_I,
297.7777777777778,166.2942839741039,B,O2 conc.B [nmol/mL],dataset_I,
298.8888888888889,164.7704879364647,B,O2 conc.B [nmol/mL],dataset_I,
300.0,165.5391172269477,B,O2 conc.B [nmol/mL],dataset_I,oligomycin
300.4358353510896,165.1643596789692,B,O2 conc.B [nmol/mL],dataset_I,
300.8716707021792,165.1003886834123,B,O2 conc.B [nmol/mL],dataset_I,
301.3075060532688,164.459506737528,B,O2 conc.B [nmol/mL],dataset_I,
301.7433414043584,164.9463189635746,B,O2 conc.B [nmol/mL],dataset_I,
302.1791767554479,164.9224271353104,B,O2 conc.B [nmol/mL],dataset_I,
302.6150121065375,165.4241084480398,B,O2 conc.B [nmol/mL],dataset_I,
303.0508474576271,164.5505588504304,B,O2 conc.B [nmol/mL],dataset_I,
303.4866828087167,165.1460972709769,B,O2 conc.B [nmol/mL],dataset_I,
303.9225181598063,164.1665824315516,B,O2 conc.B [nmol/mL],dataset_I,
304.3583535108959,165.5944552818563,B,O2 conc.B [nmol/mL],dataset_I,
304.7941888619854,165.3150714089901,B,O2 conc.B [nmol/mL],dataset_I,
305.2300242130751,164.6797404103162,B,O2 conc.B [nmol/mL],dataset_I,
305.6658595641646,164.7920900155882,B,O2 conc.B [nmol/mL],dataset_I,
306.1016949152543,164.9837857866966,B,O2 conc.B [nmol/mL],dataset_I,
306.5375302663438,164.6404674692826,B,O2 conc.B [nmol/mL],dataset_I,
306.9733656174334,163.9259404114254,B,O2 conc.B [nmol/mL],dataset_I,
307.409200968523,163.8929669406877,B,O2 conc.B [nmol/mL],dataset_I,
307.8450363196126,164.1831924595066,B,O2 conc.B [nmol/mL],dataset_I,
308.2808716707022,164.7725791264329,B,O2 conc.B [nmol/mL],dataset_I,
308.7167070217918,165.2720209896464,B,O2 conc.B [nmol/mL],dataset_I,
309.1525423728814,164.5162939177766,B,O2 conc.B [nmol/mL],dataset_I,
309.588377723971,164.2406524677469,B,O2 conc.B [nmol/mL],dataset_I,
310.0242130750605,164.5735987689758,B,O2 conc.B [nmol/mL],dataset_I,
310.4600484261501,164.3579734731155,B,O2 conc.B [nmol/mL],dataset_I,
310.8958837772397,163.8463286270963,B,O2 conc.B [nmol/mL],dataset_I,
311.3317191283293,164.5059733970658,B,O2 conc.B [nmol/mL],dataset_I,
311.7675544794189,164.1210114361098,B,O2 conc.B [nmol/mL],dataset_I,
312.2033898305085,164.4879451251934,B,O2 conc.B [nmol/mL],dataset_I,
312.6392251815981,163.7379149934036,B,O2 conc.B [nmol/mL],dataset_I,
313.0750605326876,164.4083907458567,B,O2 conc.B [nmol/mL],dataset_I,
313.5108958837773,164.0196573978387,B,O2 conc.B [nmol/mL],dataset_I,
313.9467312348668,164.5614002565011,B,O2 conc.B [nmol/mL],dataset_I,
314.3825665859564,164.5389153760576,B,O2 conc.B [nmol/mL],dataset_I,
314.818401937046,164.2452550423883,B,O2 conc.B [nmol/mL],dataset_I,
315.2542372881356,164.1908035422278,B,O2 conc.B [nmol/mL],dataset_I,
315.6900726392252,164.0595052605453,B,O2 conc.B [nmol/mL],dataset_I,
316.1259079903148,164.104504285257,B,O2 conc.B [nmol/mL],dataset_I,
316.5617433414043,164.860872111282,B,O2 conc.B [nmol/mL],dataset_I,
316.997578692494,164.21414971439,B,O2 conc.B [nmol/mL],dataset_I,
317.4334140435835,164.5931686954181,B,O2 conc.B [nmol/mL],dataset_I,
317.8692493946731,164.2962060231398,B,O2 conc.B [nmol/mL],dataset_I,
318.3050847457627,163.847504997143,B,O2 conc.B [nmol/mL],dataset_I,
318.7409200968523,163.83094603881,B,O2 conc.B [nmol/mL],dataset_I,
319.1767554479419,163.9533088393604,B,O2 conc.B [nmol/mL],dataset_I,
319.6125907990315,163.4291566815397,B,O2 conc.B [nmol/mL],dataset_I,
320.0484261501211,164.0014794019634,B,O2 conc.B [nmol/mL],dataset_I,
320.4842615012107,163.6347428662305,B,O2 conc.B [nmol/mL],dataset_I,
320.9200968523002,163.4607674115973,B,O2 conc.B [nmol/mL],dataset_I,
321.3559322033898,163.8552628894933,B,O2 conc.B [nmol/mL],dataset_I,
321.7917675544794,163.8074247501842,B,O2 conc.B [nmol/mL],dataset_I,
322.227602905569,163.9694088212437,B,O2 conc.B [nmol/mL],dataset_I,
322.6634382566586,164.5489272381426,B,O2 conc.B [nmol/mL],dataset_I,
323.0992736077482,163.614030762832,B,O2 conc.B [nmol/mL],dataset_I,
323.5351089588378,164.2682084129848,B,O2 conc.B [nmol/mL],dataset_I,
323.9709443099273,164.1080937525475,B,O2 conc.B [nmol/mL],dataset_I,
324.406779661017,163.8577131565273,B,O2 conc.B [nmol/mL],dataset_I,
324.8426150121065,163.448688524623,B,O2 conc.B [nmol/mL],dataset_I,
325.2784503631961,164.0123368784451,B,O2 conc.B [nmol/mL],dataset_I,
325.7142857142857,163.8658363663896,B,O2 conc.B [nmol/mL],dataset_I,
326.1501210653753,163.8382655939287,B,O2 conc.B [nmol/mL],dataset_I,
326.5859564164649,164.2245809270053,B,O2 conc.B [nmol/mL],dataset_I,
327.0217917675545,163.7659008402954,B,O2 conc.B [nmol/mL],dataset_I,
327.457627118644,163.8555995650141,B,O2 conc.B [nmol/mL],dataset_I,
327.8934624697337,162.9408501529763,B,O2 conc.B [nmol/mL],dataset_I,
328.3292978208232,163.2408990707818,B,O2 conc.B [nmol/mL],dataset_I,
328.7651331719129,163.1358417588996,B,O2 conc.B [nmol/mL],dataset_I,
329.2009685230024,163.3029248905196,B,O2 conc.B [nmol/mL],dataset_I,
329.636803874092,163.5899327876928,B,O2 conc.B [nmol/mL],dataset_I,
330.0726392251816,163.5517935640028,B,O2 conc.B [nmol/mL],dataset_I,
330.5084745762712,163.534276821424,B,O2 conc.B [nmol/mL],dataset_I,
330.9443099273608,163.2951398049002,B,O2 conc.B [nmol/mL],dataset_I,
331.3801452784504,163.2386411583973,B,O2 conc.B [nmol/mL],dataset_I,
331.8159806295399,163.0275963176397,B,O2 conc.B [nmol/mL],dataset_I,
332.2518159806295,163.0903296632488,B,O2 conc.B [nmol/mL],dataset_I,
332.6876513317191,163.3401468546593,B,O2 conc.B [nmol/mL],dataset_I,
333.1234866828087,163.4858443146402,B,O2 conc.B [nmol/mL],dataset_I,
333.5593220338983,162.7731011237541,B,O2 conc.B [nmol/mL],dataset_I,
333.9951573849879,162.6615326958471,B,O2 conc.B [nmol/mL],dataset_I,
334.4309927360775,163.0702265632244,B,O2 conc.B [nmol/mL],dataset_I,
334.8668280871671,162.9948564125062,B,O2 conc.B [nmol/mL],dataset_I,
335.3026634382567,163.0136234150084,B,O2 conc.B [nmol/mL],dataset_I,
335.7384987893462,162.8625982766321,B,O2 conc.B [nmol/mL],dataset_I,
336.1743341404358,163.4679465710926,B,O2 conc.B [nmol/mL],dataset_I,
336.6101694915254,162.8060844958711,B,O2 conc.B [nmol/mL],dataset_I,
337.046004842615,163.4151159712231,B,O2 conc.B [nmol/mL],dataset_I,
337.4818401937046,162.7130181706902,B,O2 conc.B [nmol/mL],dataset_I,
337.9176755447942,162.9413375886525,B,O2 conc.B [nmol/mL],dataset_I,
338.3535108958838,163.1002416933362,B,O2 conc.B [nmol/mL],dataset_I,
338.7893462469734,163.0788298679761,B,O2 conc.B [nmol/mL],dataset_I,
339.2251815980629,162.9454076911541,B,O2 conc.B [nmol/mL],dataset_I,
339.6610169491526,163.4199591700247,B,O2 conc.B [nmol/mL],dataset_I,
340.0968523002421,162.7717377591142,B,O2 conc.B [nmol/mL],dataset_I,
340.5326876513317,163.2982192278455,B,O2 conc.B [nmol/mL],dataset_I,
340.9685230024213,163.3490969332722,B,O2 conc.B [nmol/mL],dataset_I,
341.4043583535109,162.638310657862,B,O2 conc.B [nmol/mL],dataset_I,
341.8401937046005,163.0273902487273,B,O2 conc.B [nmol/mL],dataset_I,
342.2760290556901,161.8752495428275,B,O2 conc.B [nmol/mL],dataset_I,
342.7118644067797,162.6550789960375,B,O2 conc.B [nmol/mL],dataset_I,
343.1476997578692,162.6851887318399,B,O2 conc.B [nmol/mL],dataset_I,
343.5835351089588,162.4488554307174,B,O2 conc.B [nmol/mL],dataset_I,
344.0193704600484,163.0749105394597,B,O2 conc.B [nmol/mL],dataset_I,
344.455205811138,162.9087071994743,B,O2 conc.B [nmol/mL],dataset_I,
344.8910411622276,162.7111868763878,B,O2 conc.B [nmol/mL],dataset_I,
345.3268765133172,162.6871344421809,B,O2 conc.B [nmol/mL],dataset_I,
345.7627118644068,163.0168424496954,B,O2 conc.B [nmol/mL],dataset_I,
346.1985472154964,163.1966341743228,B,O2 conc.B [nmol/mL],dataset_I,
346.6343825665859,162.9189224060851,B,O2 conc.B [nmol/mL],dataset_I,
347.0702179176756,162.1576797425456,B,O2 conc.B [nmol/mL],dataset_I,
347.5060532687651,161.9785194864679,B,O2 conc.B [nmol/mL],dataset_I,
347.9418886198547,162.3721611307211,B,O2 conc.B [nmol/mL],dataset_I,
348.3777239709443,162.7950906681218,B,O2 conc.B [nmol/mL],dataset_I,
348.8135593220339,162.1544018497883,B,O2 conc.B [nmol/mL],dataset_I,
349.2493946731235,162.5165495692334,B,O2 conc.B [nmol/mL],dataset_I,
349.6852300242131,162.8320434022422,B,O2 conc.B [nmol/mL],dataset_I,
350.1210653753027,161.774679463136,B,O2 conc.B [nmol/mL],dataset_I,
350.5569007263923,162.2643183969099,B,O2 conc.B [nmol/mL],dataset_I,
350.9927360774818,162.3501887238174,B,O2 conc.B [nmol/mL],dataset_I,
351.4285714285714,162.5367538687186,B,O2 conc.B [nmol/mL],dataset_I,
351.864406779661,162.2782746260019,B,O2 conc.B [nmol/mL],dataset_I,
352.3002421307506,162.2146594993695,B,O2 conc.B [nmol/mL],dataset_I,
352.7360774818402,161.9717284875568,B,O2 conc.B [nmol/mL],dataset_I,
353.1719128329298,162.0549854602565,B,O2 conc.B [nmol/mL],dataset_I,
353.6077481840194,162.2044495562996,B,O2 conc.B [nmol/mL],dataset_I,
354.043583535109,162.1154985023861,B,O2 conc.B [nmol/mL],dataset_I,
354.4794188861986,161.9656151391345,B,O2 conc.B [nmol/mL],dataset_I,
354.9152542372881,162.2360568289237,B,O2 conc.B [nmol/mL],dataset_I,
355.3510895883777,161.8603651702188,B,O2 conc.B [nmol/mL],dataset_I,
355.7869249394673,162.804352493617,B,O2 conc.B [nmol/mL],dataset_I,
356.2227602905569,162.295367300238,B,O2 conc.B [nmol/mL],dataset_I,
356.6585956416465,161.9865914749029,B,O2 conc.B [nmol/mL],dataset_I,
357.0944309927361,162.0588949126088,B,O2 conc.B [nmol/mL],dataset_I,
357.5302663438256,162.1123257882635,B,O2 conc.B [nmol/mL],dataset_I,
357.9661016949153,161.6740826496545,B,O2 conc.B [nmol/mL],dataset_I,
358.4019370460048,162.2169452493897,B,O2 conc.B [nmol/mL],dataset_I,
358.8377723970945,161.7753807662688,B,O2 conc.B [nmol/mL],dataset_I,
359.273607748184,161.2359421414955,B,O2 conc.B [nmol/mL],dataset_I,
359.7094430992736,162.0523177154394,B,O2 conc.B [nmol/mL],dataset_I,
360.1452784503632,162.7046633505234,B,O2 conc.B [nmol/mL],dataset_I,
360.5811138014528,161.4439639769142,B,O2 conc.B [nmol/mL],dataset_I,
361.0169491525424,161.2872283066354,B,O2 conc.B [nmol/mL],dataset_I,
361.452784503632,161.9123379185613,B,O2 conc.B [nmol/mL],dataset_I,
361.8886198547215,161.7066987877429,B,O2 conc.B [nmol/mL],dataset_I,
362.3244552058111,161.6852164230391,B,O2 conc.B [nmol/mL],dataset_I,
362.7602905569007,162.2102072554684,B,O2 conc.B [nmol/mL],dataset_I,
363.1961259079903,161.7430073896556,B,O2 conc.B [nmol/mL],dataset_I,
363.6319612590799,161.2308441814366,B,O2 conc.B [nmol/mL],dataset_I,
364.0677966101695,161.5447810997207,B,O2 conc.B [nmol/mL],dataset_I,
364.5036319612591,161.6629546837433,B,O2 conc.B [nmol/mL],dataset_I,
364.9394673123487,161.6974434623306,B,O2 conc.B [nmol/mL],dataset_I,
365.3753026634383,161.1713409403843,B,O2 conc.B [nmol/mL],dataset_I,
365.8111380145278,161.767134824553,B,O2 conc.B [nmol/mL],dataset_I,
366.2469733656175,161.5800640798679,B,O2 conc.B [nmol/mL],dataset_I,
366.682808716707,161.6925046706462,B,O2 conc.B [nmol/mL],dataset_I,
367.1186440677966,160.9666385533204,B,O2 conc.B [nmol/mL],dataset_I,
367.5544794188862,160.8405629330493,B,O2 conc.B [nmol/mL],dataset_I,
367.9903147699758,160.9905786271551,B,O2 conc.B [nmol/mL],dataset_I,
368.4261501210653,160.4579036979515,B,O2 conc.B [nmol/mL],dataset_I,
368.861985472155,161.0600292147217,B,O2 conc.B [nmol/mL],dataset_I,
369.2978208232445,161.7982030622566,B,O2 conc.B [nmol/mL],dataset_I,
369.7336561743342,161.2739785545722,B,O2 conc.B [nmol/mL],dataset_I,
370.1694915254237,161.7066839773476,B,O2 conc.B [nmol/mL],dataset_I,
370.6053268765133,161.1788202067232,B,O2 conc.B [nmol/mL],dataset_I,
371.0411622276029,161.7821111475444,B,O2 conc.B [nmol/mL],dataset_I,
371.4769975786925,161.3872759742219,B,O2 conc.B [nmol/mL],dataset_I,
371.9128329297821,161.1042957740092,B,O2 conc.B [nmol/mL],dataset_I,
372.3486682808717,161.8260255711614,B,O2 conc.B [nmol/mL],dataset_I,
372.7845036319612,160.7625979828196,B,O2 conc.B [nmol/mL],dataset_I,
373.2203389830509,160.7637555148858,B,O2 conc.B [nmol/mL],dataset_I,
373.6561743341404,161.098895543333,B,O2 conc.B [nmol/mL],dataset_I,
374.09200968523,160.9749071110328,B,O2 conc.B [nmol/mL],dataset_I,
374.5278450363196,160.8619901159919,B,O2 conc.B [nmol/mL],dataset_I,
374.9636803874092,161.0386146913592,B,O2 conc.B [nmol/mL],dataset_I,
375.3995157384988,161.3871513425661,B,O2 conc.B [nmol/mL],dataset_I,
375.8353510895884,161.2227109823694,B,O2 conc.B [nmol/mL],dataset_I,
376.271186440678,160.6277282661432,B,O2 conc.B [nmol/mL],dataset_I,
376.7070217917675,161.5826376519537,B,O2 conc.B [nmol/mL],dataset_I,
377.1428571428571,160.8814469712344,B,O2 conc.B [nmol/mL],dataset_I,
377.5786924939467,161.5637234034795,B,O2 conc.B [nmol/mL],dataset_I,
378.0145278450363,160.6302392322221,B,O2 conc.B [nmol/mL],dataset_I,
378.4503631961259,160.608571338632,B,O2 conc.B [nmol/mL],dataset_I,
378.8861985472155,160.5727704035207,B,O2 conc.B [nmol/mL],dataset_I,
379.3220338983051,160.9248438814234,B,O2 conc.B [nmol/mL],dataset_I,
379.7578692493947,160.7521200705946,B,O2 conc.B [nmol/mL],dataset_I,
380.1937046004842,160.9319877589513,B,O2 conc.B [nmol/mL],dataset_I,
380.6295399515739,160.7759659249224,B,O2 conc.B [nmol/mL],dataset_I,
381.0653753026634,160.584370103035,B,O2 conc.B [nmol/mL],dataset_I,
381.501210653753,160.0005830790174,B,O2 conc.B [nmol/mL],dataset_I,
381.9370460048426,160.6509623691641,B,O2 conc.B [nmol/mL],dataset_I,
382.3728813559322,161.1621489506932,B,O2 conc.B [nmol/mL],dataset_I,
382.8087167070218,161.2259017161487,B,O2 conc.B [nmol/mL],dataset_I,
383.2445520581114,160.0033276155196,B,O2 conc.B [nmol/mL],dataset_I,
383.680387409201,160.2779330525692,B,O2 conc.B [nmol/mL],dataset_I,
384.1162227602906,160.6473936044653,B,O2 conc.B [nmol/mL],dataset_I,
384.5520581113801,160.28194143908,B,O2 conc.B [nmol/mL],dataset_I,
384.9878934624697,160.8009063287164,B,O2 conc.B [nmol/mL],dataset_I,
385.4237288135593,160.7931789365535,B,O2 conc.B [nmol/mL],dataset_I,
385.8595641646489,160.1208600083305,B,O2 conc.B [nmol/mL],dataset_I,
386.2953995157385,160.6771413490212,B,O2 conc.B [nmol/mL],dataset_I,
386.7312348668281,160.4671888476938,B,O2 conc.B [nmol/mL],dataset_I,
387.1670702179177,160.6658317497246,B,O2 conc.B [nmol/mL],dataset_I,
387.6029055690072,160.5592879445566,B,O2 conc.B [nmol/mL],dataset_I,
388.0387409200969,160.1399058495126,B,O2 conc.B [nmol/mL],dataset_I,
388.4745762711864,159.0254530214703,B,O2 conc.B [nmol/mL],dataset_I,
388.910411622276,160.249147895046,B,O2 conc.B [nmol/mL],dataset_I,
389.3462469733656,159.7972442960748,B,O2 conc.B [nmol/mL],dataset_I,
389.7820823244552,159.8427024283862,B,O2 conc.B [nmol/mL],dataset_I,
390.2179176755448,159.9024941195167,B,O2 conc.B [nmol/mL],dataset_I,
390.6537530266344,160.7855860012016,B,O2 conc.B [nmol/mL],dataset_I,
391.089588377724,159.8894102857081,B,O2 conc.B [nmol/mL],dataset_I,
391.5254237288136,159.3381755435146,B,O2 conc.B [nmol/mL],dataset_I,
391.9612590799031,160.3318113083152,B,O2 conc.B [nmol/mL],dataset_I,
392.3970944309928,160.3729762565526,B,O2 conc.B [nmol/mL],dataset_I,
392.8329297820823,160.1418220073647,B,O2 conc.B [nmol/mL],dataset_I,
393.2687651331719,160.1102168833796,B,O2 conc.B [nmol/mL],dataset_I,
393.7046004842615,159.5560021290663,B,O2 conc.B [nmol/mL],dataset_I,
394.1404358353511,160.390851851419,B,O2 conc.B [nmol/mL],dataset_I,
394.5762711864407,159.3984599062524,B,O2 conc.B [nmol/mL],dataset_I,
395.0121065375303,160.3393058926686,B,O2 conc.B [nmol/mL],dataset_I,
395.4479418886199,160.365355255901,B,O2 conc.B [nmol/mL],dataset_I,
395.8837772397094,160.1878265667008,B,O2 conc.B [nmol/mL],dataset_I,
396.319612590799,159.8723843854826,B,O2 conc.B [nmol/mL],dataset_I,
396.7554479418886,158.4139967060508,B,O2 conc.B [nmol/mL],dataset_I,
397.1912832929782,160.0819969343885,B,O2 conc.B [nmol/mL],dataset_I,
397.6271186440678,159.9087931447843,B,O2 conc.B [nmol/mL],dataset_I,
398.0629539951574,159.631436398837,B,O2 conc.B [nmol/mL],dataset_I,
398.498789346247,159.7324586212594,B,O2 conc.B [nmol/mL],dataset_I,
398.9346246973366,159.8095425198318,B,O2 conc.B [nmol/mL],dataset_I,
399.3704600484261,159.6497747065823,B,O2 conc.B [nmol/mL],dataset_I,
399.8062953995158,160.1719260151098,B,O2 conc.B [nmol/mL],dataset_I,
400.2421307506053,159.194297578493,B,O2 conc.B [nmol/mL],dataset_I,
400.6779661016949,160.174156066647,B,O2 conc.B [nmol/mL],dataset_I,
401.1138014527845,158.7930443973951,B,O2 conc.B [nmol/mL],dataset_I,
401.5496368038741,159.7446469437318,B,O2 conc.B [nmol/mL],dataset_I,
401.9854721549636,159.5203169464367,B,O2 conc.B [nmol/mL],dataset_I,
402.4213075060533,159.4344241114007,B,O2 conc.B [nmol/mL],dataset_I,
402.8571428571429,159.0427577148224,B,O2 conc.B [nmol/mL],dataset_I,
403.2929782082325,159.423252985758,B,O2 conc.B [nmol/mL],dataset_I,
403.728813559322,159.9805318869044,B,O2 conc.B [nmol/mL],dataset_I,
404.1646489104116,159.9850467196806,B,O2 conc.B [nmol/mL],dataset_I,
404.6004842615012,159.3079533031915,B,O2 conc.B [nmol/mL],dataset_I,
405.0363196125908,159.024836498265,B,O2 conc.B [nmol/mL],dataset_I,
405.4721549636804,159.5388223487408,B,O2 conc.B [nmol/mL],dataset_I,
405.90799031477,159.7565457938301,B,O2 conc.B [nmol/mL],dataset_I,
406.3438256658596,159.2086278474494,B,O2 conc.B [nmol/mL],dataset_I,
406.7796610169491,159.5180944717627,B,O2 conc.B [nmol/mL],dataset_I,
407.2154963680388,159.6985369449237,B,O2 conc.B [nmol/mL],dataset_I,
407.6513317191283,159.0402906900816,B,O2 conc.B [nmol/mL],dataset_I,
408.0871670702179,159.1658207766795,B,O2 conc.B [nmol/mL],dataset_I,
408.5230024213075,159.0145737461279,B,O2 conc.B [nmol/mL],dataset_I,
408.9588377723971,159.2776553629014,B,O2 conc.B [nmol/mL],dataset_I,
409.3946731234867,159.4463108182076,B,O2 conc.B [nmol/mL],dataset_I,
409.8305084745763,159.3869359820421,B,O2 conc.B [nmol/mL],dataset_I,
410.2663438256658,159.3434854475531,B,O2 conc.B [nmol/mL],dataset_I,
410.7021791767555,158.9928476811581,B,O2 conc.B [nmol/mL],dataset_I,
411.138014527845,159.2454420634972,B,O2 conc.B [nmol/mL],dataset_I,
411.5738498789347,158.9507945359991,B,O2 conc.B [nmol/mL],dataset_I,
412.0096852300242,159.4162206903823,B,O2 conc.B [nmol/mL],dataset_I,
412.4455205811138,158.5238331037374,B,O2 conc.B [nmol/mL],dataset_I,
412.8813559322034,158.6104077348228,B,O2 conc.B [nmol/mL],dataset_I,
413.317191283293,159.177429866436,B,O2 conc.B [nmol/mL],dataset_I,
413.7530266343825,159.5239326205329,B,O2 conc.B [nmol/mL],dataset_I,
414.1888619854722,158.8002963105731,B,O2 conc.B [nmol/mL],dataset_I,
414.6246973365617,158.5451957448536,B,O2 conc.B [nmol/mL],dataset_I,
415.0605326876513,158.2489645729492,B,O2 conc.B [nmol/mL],dataset_I,
415.4963680387409,158.725740589278,B,O2 conc.B [nmol/mL],dataset_I,
415.9322033898305,158.8749677399388,B,O2 conc.B [nmol/mL],dataset_I,
416.3680387409201,159.3795150211475,B,O2 conc.B [nmol/mL],dataset_I,
416.8038740920097,159.0604605331369,B,O2 conc.B [nmol/mL],dataset_I,
417.2397094430993,158.5236863938487,B,O2 conc.B [nmol/mL],dataset_I,
417.6755447941889,159.7721539433446,B,O2 conc.B [nmol/mL],dataset_I,
418.1113801452784,158.5279705195507,B,O2 conc.B [nmol/mL],dataset_I,
418.547215496368,157.9605648157143,B,O2 conc.B [nmol/mL],dataset_I,
418.9830508474576,159.3959126411719,B,O2 conc.B [nmol/mL],dataset_I,
419.4188861985472,158.4365899535306,B,O2 conc.B [nmol/mL],dataset_I,
419.8547215496368,158.5926170679049,B,O2 conc.B [nmol/mL],dataset_I,
420.2905569007264,158.8108715416675,B,O2 conc.B [nmol/mL],dataset_I,
420.726392251816,159.1952395655474,B,O2 conc.B [nmol/mL],dataset_I,
421.1622276029055,159.1416008244935,B,O2 conc.B [nmol/mL],dataset_I,
421.5980629539952,158.3071411135135,B,O2 conc.B [nmol/mL],dataset_I,
422.0338983050847,159.2013553076287,B,O2 conc.B [nmol/mL],dataset_I,
422.4697336561743,158.7412331697774,B,O2 conc.B [nmol/mL],dataset_I,
422.9055690072639,158.7733353689117,B,O2 conc.B [nmol/mL],dataset_I,
423.3414043583535,157.687411875011,B,O2 conc.B [nmol/mL],dataset_I,
423.7772397094431,158.2324873443615,B,O2 conc.B [nmol/mL],dataset_I,
424.2130750605327,158.6898442080817,B,O2 conc.B [nmol/mL],dataset_I,
424.6489104116223,158.4094951526537,B,O2 conc.B [nmol/mL],dataset_I,
425.0847457627119,157.9353950745042,B,O2 conc.B [nmol/mL],dataset_I,
425.5205811138014,158.5438433919352,B,O2 conc.B [nmol/mL],dataset_I,
425.956416464891,158.7405026831562,B,O2 conc.B [nmol/mL],dataset_I,
426.3922518159806,158.1831192076034,B,O2 conc.B [nmol/mL],dataset_I,
426.8280871670702,158.061013662558,B,O2 conc.B [nmol/mL],dataset_I,
427.2639225181598,158.3221121744946,B,O2 conc.B [nmol/mL],dataset_I,
427.6997578692494,157.9462033170088,B,O2 conc.B [nmol/mL],dataset_I,
428.135593220339,158.2452609171956,B,O2 conc.B [nmol/mL],dataset_I,
428.5714285714286,158.5284921667467,B,O2 conc.B [nmol/mL],dataset_I,
429.0072639225182,158.4376981824333,B,O2 conc.B [nmol/mL],dataset_I,
429.4430992736077,158.1729516862148,B,O2 conc.B [nmol/mL],dataset_I,
429.8789346246973,158.5666113058708,B,O2 conc.B [nmol/mL],dataset_I,
430.3147699757869,158.1671988261931,B,O2 conc.B [nmol/mL],dataset_I,
430.7506053268766,157.6185529860371,B,O2 conc.B [nmol/mL],dataset_I,
431.1864406779661,157.9626904155527,B,O2 conc.B [nmol/mL],dataset_I,
431.6222760290557,157.9239324582414,B,O2 conc.B [nmol/mL],dataset_I,
432.0581113801453,157.1373637106755,B,O2 conc.B [nmol/mL],dataset_I,
432.4939467312349,157.966574506791,B,O2 conc.B [nmol/mL],dataset_I,
432.9297820823244,157.4870574783956,B,O2 conc.B [nmol/mL],dataset_I,
433.3656174334141,157.8258613345639,B,O2 conc.B [nmol/mL],dataset_I,
433.8014527845036,158.1705389672815,B,O2 conc.B [nmol/mL],dataset_I,
434.2372881355932,158.1788077324184,B,O2 conc.B [nmol/mL],dataset_I,
434.6731234866828,157.85813365358,B,O2 conc.B [nmol/mL],dataset_I,
435.1089588377724,157.97881704179,B,O2 conc.B [nmol/mL],dataset_I,
435.5447941888619,157.8215881233711,B,O2 conc.B [nmol/mL],dataset_I,
435.9806295399516,157.3179008018882,B,O2 conc.B [nmol/mL],dataset_I,
436.4164648910412,157.8558242952972,B,O2 conc.B [nmol/mL],dataset_I,
436.8523002421308,157.2798097211458,B,O2 conc.B [nmol/mL],dataset_I,
437.2881355932203,158.0959967238351,B,O2 conc.B [nmol/mL],dataset_I,
437.7239709443099,157.7931751370334,B,O2 conc.B [nmol/mL],dataset_I,
438.1598062953995,157.5525262000276,B,O2 conc.B [nmol/mL],dataset_I,
438.5956416464891,157.5294748970422,B,O2 conc.B [nmol/mL],dataset_I,
439.0314769975787,157.5060876363036,B,O2 conc.B [nmol/mL],dataset_I,
439.4673123486683,157.7173403718337,B,O2 conc.B [nmol/mL],dataset_I,
439.9031476997579,157.1679307366716,B,O2 conc.B [nmol/mL],dataset_I,
440.3389830508474,157.871727305349,B,O2 conc.B [nmol/mL],dataset_I,
440.7748184019371,157.0272530669089,B,O2 conc.B [nmol/mL],dataset_I,
441.2106537530266,158.2574760247479,B,O2 conc.B [nmol/mL],dataset_I,
441.6464891041162,156.9123685867023,B,O2 conc.B [nmol/mL],dataset_I,
442.0823244552058,157.9244905258011,B,O2 conc.B [nmol/mL],dataset_I,
442.5181598062954,157.5248084759533,B,O2 conc.B [nmol/mL],dataset_I,
442.953995157385,157.5795286318266,B,O2 conc.B [nmol/mL],dataset_I,
443.3898305084746,157.5727953031586,B,O2 conc.B [nmol/mL],dataset_I,
443.8256658595642,157.5506779585513,B,O2 conc.B [nmol/mL],dataset_I,
444.2615012106538,157.4069247743756,B,O2 conc.B [nmol/mL],dataset_I,
444.6973365617433,156.8227364450444,B,O2 conc.B [nmol/mL],dataset_I,
445.1331719128329,156.7314445588795,B,O2 conc.B [nmol/mL],dataset_I,
445.5690072639225,156.7496718748226,B,O2 conc.B [nmol/mL],dataset_I,
446.0048426150121,157.1785139957941,B,O2 conc.B [nmol/mL],dataset_I,
446.4406779661017,157.3312879520331,B,O2 conc.B [nmol/mL],dataset_I,
446.8765133171913,156.7967728812957,B,O2 conc.B [nmol/mL],dataset_I,
447.3123486682808,157.1711135068086,B,O2 conc.B [nmol/mL],dataset_I,
447.7481840193705,156.8609107532102,B,O2 conc.B [nmol/mL],dataset_I,
448.1840193704601,157.5584749575368,B,O2 conc.B [nmol/mL],dataset_I,
448.6198547215496,157.4618345033197,B,O2 conc.B [nmol/mL],dataset_I,
449.0556900726392,156.9994526162735,B,O2 conc.B [nmol/mL],dataset_I,
449.4915254237288,157.2395652340218,B,O2 conc.B [nmol/mL],dataset_I,
449.9273607748184,156.7989603450137,B,O2 conc.B [nmol/mL],dataset_I,
450.363196125908,157.0167977087545,B,O2 conc.B [nmol/mL],dataset_I,
450.7990314769976,156.9429236373392,B,O2 conc.B [nmol/mL],dataset_I,
451.2348668280872,157.2640296178464,B,O2 conc.B [nmol/mL],dataset_I,
451.6707021791767,157.005447591488,B,O2 conc.B [nmol/mL],dataset_I,
452.1065375302663,157.5260210995855,B,O2 conc.B [nmol/mL],dataset_I,
452.542372881356,156.7018986938299,B,O2 conc.B [nmol/mL],dataset_I,
452.9782082324455,156.946148678421,B,O2 conc.B [nmol/mL],dataset_I,
453.4140435835351,157.1710323503923,B,O2 conc.B [nmol/mL],dataset_I,
453.8498789346247,156.5728440863641,B,O2 conc.B [nmol/mL],dataset_I,
454.2857142857143,157.0277216050371,B,O2 conc.B [nmol/mL],dataset_I,
454.7215496368038,156.8386188101188,B,O2 conc.B [nmol/mL],dataset_I,
455.1573849878935,157.3969484651004,B,O2 conc.B [nmol/mL],dataset_I,
455.5932203389831,156.3573758694937,B,O2 conc.B [nmol/mL],dataset_I,
456.0290556900726,156.581095575214,B,O2 conc.B [nmol/mL],dataset_I,
456.4648910411622,156.5683321082942,B,O2 conc.B [nmol/mL],dataset_I,
456.9007263922518,156.8743355864968,B,O2 conc.B [nmol/mL],dataset_I,
457.3365617433414,156.7950407234682,B,O2 conc.B [nmol/mL],dataset_I,
457.772397094431,157.1490206481438,B,O2 conc.B [nmol/mL],dataset_I,
458.2082324455206,156.8972876133626,B,O2 conc.B [nmol/mL],dataset_I,
458.6440677966102,156.5550250143827,B,O2 conc.B [nmol/mL],dataset_I,
459.0799031476997,156.457495140313,B,O2 conc.B [nmol/mL],dataset_I,
459.5157384987893,156.5486537171923,B,O2 conc.B [nmol/mL],dataset_I,
459.951573849879,156.129480653601,B,O2 conc.B [nmol/mL],dataset_I,
460.3874092009685,156.5129063366988,B,O2 conc.B [nmol/mL],dataset_I,
460.8232445520581,156.4482762225633,B,O2 conc.B [nmol/mL],dataset_I,
461.2590799031477,156.6696235759164,B,O2 conc.B [nmol/mL],dataset_I,
461.6949152542373,156.5784182025201,B,O2 conc.B [nmol/mL],dataset_I,
462.1307506053269,156.5223029079773,B,O2 conc.B [nmol/mL],dataset_I,
462.5665859564165,156.3942506372917,B,O2 conc.B [nmol/mL],dataset_I,
463.002421307506,156.3558404609223,B,O2 conc.B [nmol/mL],dataset_I,
463.4382566585956,156.4952969043539,B,O2 conc.B [nmol/mL],dataset_I,
463.8740920096852,156.1364280800188,B,O2 conc.B [nmol/mL],dataset_I,
464.3099273607749,156.3536796896631,B,O2 conc.B [nmol/mL],dataset_I,
464.7457627118644,156.4238905895585,B,O2 conc.B [nmol/mL],dataset_I,
465.181598062954,155.7397289992354,B,O2 conc.B [nmol/mL],dataset_I,
465.6174334140436,155.6867263872633,B,O2 conc.B [nmol/mL],dataset_I,
466.0532687651332,155.6626502887522,B,O2 conc.B [nmol/mL],dataset_I,
466.4891041162227,156.4848272673729,B,O2 conc.B [nmol/mL],dataset_I,
466.9249394673124,156.0505097260741,B,O2 conc.B [nmol/mL],dataset_I,
467.3607748184019,156.1795842030996,B,O2 conc.B [nmol/mL],dataset_I,
467.7966101694915,155.3724035585188,B,O2 conc.B [nmol/mL],dataset_I,
468.2324455205811,155.9142153569281,B,O2 conc.B [nmol/mL],dataset_I,
468.6682808716707,156.0425053330576,B,O2 conc.B [nmol/mL],dataset_I,
469.1041162227603,155.8363312637677,B,O2 conc.B [nmol/mL],dataset_I,
469.5399515738499,155.2425888663572,B,O2 conc.B [nmol/mL],dataset_I,
469.9757869249395,155.6281550374126,B,O2 conc.B [nmol/mL],dataset_I,
470.411622276029,155.9778536155285,B,O2 conc.B [nmol/mL],dataset_I,
470.8474576271186,156.2229518057237,B,O2 conc.B [nmol/mL],dataset_I,
471.2832929782082,155.9289742691403,B,O2 conc.B [nmol/mL],dataset_I,
471.7191283292979,156.5366737440678,B,O2 conc.B [nmol/mL],dataset_I,
472.1549636803874,155.4644208225733,B,O2 conc.B [nmol/mL],dataset_I,
472.590799031477,155.6889154690293,B,O2 conc.B [nmol/mL],dataset_I,
473.0266343825666,154.5406917633648,B,O2 conc.B [nmol/mL],dataset_I,
473.4624697336562,155.9183423949776,B,O2 conc.B [nmol/mL],dataset_I,
473.8983050847457,155.780797415456,B,O2 conc.B [nmol/mL],dataset_I,
474.3341404358354,155.6455942379086,B,O2 conc.B [nmol/mL],dataset_I,
474.7699757869249,155.1822087959572,B,O2 conc.B [nmol/mL],dataset_I,
475.2058111380145,155.0282895105169,B,O2 conc.B [nmol/mL],dataset_I,
475.6416464891041,155.5664089354814,B,O2 conc.B [nmol/mL],dataset_I,
476.0774818401937,155.1318937258752,B,O2 conc.B [nmol/mL],dataset_I,
476.5133171912832,155.2597563923035,B,O2 conc.B [nmol/mL],dataset_I,
476.9491525423729,155.5685905005348,B,O2 conc.B [nmol/mL],dataset_I,
477.3849878934625,155.8757477719041,B,O2 conc.B [nmol/mL],dataset_I,
477.8208232445521,155.0916364506675,B,O2 conc.B [nmol/mL],dataset_I,
478.2566585956416,155.3205203309886,B,O2 conc.B [nmol/mL],dataset_I,
478.6924939467312,155.7290368974389,B,O2 conc.B [nmol/mL],dataset_I,
479.1283292978208,155.3286969370917,B,O2 conc.B [nmol/mL],dataset_I,
479.5641646489104,155.2252455286515,B,O2 conc.B [nmol/mL],dataset_I,
480.0,155.4625291404964,B,O2 conc.B [nmol/mL],dataset_I,FCCP_1
480.4358353510896,155.130744348374,B,O2 conc.B [nmol/mL],dataset_I,
480.8716707021792,155.264896142788,B,O2 conc.B [nmol/mL],dataset_I,
481.3075060532688,155.8194195613913,B,O2 conc.B [nmol/mL],dataset_I,
481.7433414043584,155.0160293925802,B,O2 conc.B [nmol/mL],dataset_I,
482.1791767554479,155.4627274839912,B,O2 conc.B [nmol/mL],dataset_I,
482.6150121065375,155.1174652511974,B,O2 conc.B [nmol/mL],dataset_I,
483.0508474576271,155.1991603313848,B,O2 conc.B [nmol/mL],dataset_I,
483.4866828087167,154.6773908316218,B,O2 conc.B [nmol/mL],dataset_I,
483.9225181598063,154.8816538810901,B,O2 conc.B [nmol/mL],dataset_I,
484.3583535108959,154.9675474544681,B,O2 conc.B [nmol/mL],dataset_I,
484.7941888619854,155.3357469509616,B,O2 conc.B [nmol/mL],dataset_I,
485.2300242130751,154.5455745772871,B,O2 conc.B [nmol/mL],dataset_I,
485.6658595641646,155.3309414214358,B,O2 conc.B [nmol/mL],dataset_I,
486.1016949152543,154.7765247549515,B,O2 conc.B [nmol/mL],dataset_I,
486.5375302663438,154.4853802779633,B,O2 conc.B [nmol/mL],dataset_I,
486.9733656174334,154.904835336526,B,O2 conc.B [nmol/mL],dataset_I,
487.409200968523,155.0640511827451,B,O2 conc.B [nmol/mL],dataset_I,
487.8450363196126,153.913782594675,B,O2 conc.B [nmol/mL],dataset_I,
488.2808716707022,154.2490679018864,B,O2 conc.B [nmol/mL],dataset_I,
488.7167070217918,154.8790855957436,B,O2 conc.B [nmol/mL],dataset_I,
489.1525423728814,154.2951675724689,B,O2 conc.B [nmol/mL],dataset_I,
489.588377723971,155.481305639509,B,O2 conc.B [nmol/mL],dataset_I,
490.0242130750605,154.4626076846966,B,O2 conc.B [nmol/mL],dataset_I,
490.4600484261501,154.0872892831048,B,O2 conc.B [nmol/mL],dataset_I,
490.8958837772397,154.2908340021743,B,O2 conc.B [nmol/mL],dataset_I,
491.3317191283293,154.8459018186676,B,O2 conc.B [nmol/mL],dataset_I,
491.7675544794189,153.8123745127113,B,O2 conc.B [nmol/mL],dataset_I,
492.2033898305085,153.4336103529303,B,O2 conc.B [nmol/mL],dataset_I,
492.6392251815981,154.207636909192,B,O2 conc.B [nmol/mL],dataset_I,
493.0750605326876,154.2296284021062,B,O2 conc.B [nmol/mL],dataset_I,
493.5108958837773,154.0901179396648,B,O2 conc.B [nmol/mL],dataset_I,
493.9467312348668,154.1796994025145,B,O2 conc.B [nmol/mL],dataset_I,
494.3825665859564,153.9359029315636,B,O2 conc.B [nmol/mL],dataset_I,
494.818401937046,153.794206025442,B,O2 conc.B [nmol/mL],dataset_I,
495.2542372881356,154.6163017367956,B,O2 conc.B [nmol/mL],dataset_I,
495.6900726392252,153.7276493272871,B,O2 conc.B [nmol/mL],dataset_I,
496.1259079903148,153.7150965491062,B,O2 conc.B [nmol/mL],dataset_I,
496.5617433414043,153.7059061964638,B,O2 conc.B [nmol/mL],dataset_I,
496.997578692494,154.0272446364723,B,O2 conc.B [nmol/mL],dataset_I,
497.4334140435835,153.8556874897245,B,O2 conc.B [nmol/mL],dataset_I,
497.8692493946731,153.5314800950314,B,O2 conc.B [nmol/mL],dataset_I,
498.3050847457627,153.1423314271784,B,O2 conc.B [nmol/mL],dataset_I,
498.7409200968523,153.4745877094284,B,O2 conc.B [nmol/mL],dataset_I,
499.1767554479419,153.4736735339946,B,O2 conc.B [nmol/mL],dataset_I,
499.6125907990315,152.8204537645101,B,O2 conc.B [nmol/mL],dataset_I,
500.0484261501211,153.5700774988249,B,O2 conc.B [nmol/mL],dataset_I,
500.4842615012107,153.1965590101697,B,O2 conc.B [nmol/mL],dataset_I,
500.9200968523002,153.4471756769306,B,O2 conc.B [nmol/mL],dataset_I,
501.3559322033898,153.7496252371285,B,O2 conc.B [nmol/mL],dataset_I,
501.7917675544794,153.289389898181,B,O2 conc.B [nmol/mL],dataset_I,
502.227602905569,152.7056447218394,B,O2 conc.B [nmol/mL],dataset_I,
502.6634382566586,153.3290061271665,B,O2 conc.B [nmol/mL],dataset_I,
503.0992736077482,153.3209524616275,B,O2 conc.B [nmol/mL],dataset_I,
503.5351089588378,153.3897214161805,B,O2 conc.B [nmol/mL],dataset_I,
503.9709443099273,153.1671259216396,B,O2 conc.B [nmol/mL],dataset_I,
504.406779661017,152.7501580210511,B,O2 conc.B [nmol/mL],dataset_I,
504.8426150121065,153.2156415515308,B,O2 conc.B [nmol/mL],dataset_I,
505.2784503631961,152.9066604903874,B,O2 conc.B [nmol/mL],dataset_I,
505.7142857142857,152.5568326618874,B,O2 conc.B [nmol/mL],dataset_I,
506.1501210653753,152.6469003339245,B,O2 conc.B [nmol/mL],dataset_I,
506.5859564164649,152.3865422285415,B,O2 conc.B [nmol/mL],dataset_I,
507.0217917675545,152.6921911285757,B,O2 conc.B [nmol/mL],dataset_I,
507.457627118644,152.1153096997408,B,O2 conc.B [nmol/mL],dataset_I,
507.8934624697337,152.816814977661,B,O2 conc.B [nmol/mL],dataset_I,
508.3292978208232,152.1721446968111,B,O2 conc.B [nmol/mL],dataset_I,
508.7651331719129,152.062990894495,B,O2 conc.B [nmol/mL],dataset_I,
509.2009685230024,152.066960886505,B,O2 conc.B [nmol/mL],dataset_I,
509.636803874092,152.253596727097,B,O2 conc.B [nmol/mL],dataset_I,
510.0726392251816,152.8566643172076,B,O2 conc.B [nmol/mL],dataset_I,
510.5084745762712,152.1277851028554,B,O2 conc.B [nmol/mL],dataset_I,
510.9443099273608,152.5886358730421,B,O2 conc.B [nmol/mL],dataset_I,
511.3801452784504,152.308082739099,B,O2 conc.B [nmol/mL],dataset_I,
511.8159806295399,152.7087658511417,B,O2 conc.B [nmol/mL],dataset_I,
512.2518159806295,152.3639748808628,B,O2 conc.B [nmol/mL],dataset_I,
512.6876513317192,151.7206767358768,B,O2 conc.B [nmol/mL],dataset_I,
513.1234866828087,152.2256689917044,B,O2 conc.B [nmol/mL],dataset_I,
513.5593220338983,151.9404572659533,B,O2 conc.B [nmol/mL],dataset_I,
513.9951573849879,151.9455583064546,B,O2 conc.B [nmol/mL],dataset_I,
514.4309927360775,151.7696873059339,B,O2 conc.B [nmol/mL],dataset_I,
514.866828087167,151.1912718233123,B,O2 conc.B [nmol/mL],dataset_I,
515.3026634382567,152.3808568874896,B,O2 conc.B [nmol/mL],dataset_I,
515.7384987893463,151.749408670542,B,O2 conc.B [nmol/mL],dataset_I,
516.1743341404358,151.746183836853,B,O2 conc.B [nmol/mL],dataset_I,
516.6101694915254,151.8033371875815,B,O2 conc.B [nmol/mL],dataset_I,
517.046004842615,151.6094179368663,B,O2 conc.B [nmol/mL],dataset_I,
517.4818401937046,152.1632863453599,B,O2 conc.B [nmol/mL],dataset_I,
517.9176755447942,151.4964720227546,B,O2 conc.B [nmol/mL],dataset_I,
518.3535108958838,151.7183852334944,B,O2 conc.B [nmol/mL],dataset_I,
518.7893462469733,152.0927872946295,B,O2 conc.B [nmol/mL],dataset_I,
519.2251815980629,151.3668513585584,B,O2 conc.B [nmol/mL],dataset_I,
519.6610169491526,151.3665541714625,B,O2 conc.B [nmol/mL],dataset_I,
520.0968523002422,151.5268323237732,B,O2 conc.B [nmol/mL],dataset_I,
520.5326876513317,151.1611345329577,B,O2 conc.B [nmol/mL],dataset_I,
520.9685230024213,151.0195012937275,B,O2 conc.B [nmol/mL],dataset_I,
521.4043583535109,150.9851899056218,B,O2 conc.B [nmol/mL],dataset_I,
521.8401937046004,150.9847502835858,B,O2 conc.B [nmol/mL],dataset_I,
522.2760290556901,151.138445175321,B,O2 conc.B [nmol/mL],dataset_I,
522.7118644067797,151.4462043935477,B,O2 conc.B [nmol/mL],dataset_I,
523.1476997578693,150.5393232953415,B,O2 conc.B [nmol/mL],dataset_I,
523.5835351089588,151.054951452536,B,O2 conc.B [nmol/mL],dataset_I,
524.0193704600484,150.760976871263,B,O2 conc.B [nmol/mL],dataset_I,
524.4552058111381,149.8097471560163,B,O2 conc.B [nmol/mL],dataset_I,
524.8910411622276,150.5553056499064,B,O2 conc.B [nmol/mL],dataset_I,
525.3268765133172,150.7378992690886,B,O2 conc.B [nmol/mL],dataset_I,
525.7627118644068,150.969382398748,B,O2 conc.B [nmol/mL],dataset_I,
526.1985472154963,150.2260865204126,B,O2 conc.B [nmol/mL],dataset_I,
526.6343825665859,150.4528019990693,B,O2 conc.B [nmol/mL],dataset_I,
527.0702179176756,150.5462385972621,B,O2 conc.B [nmol/mL],dataset_I,
527.5060532687652,151.5791627716714,B,O2 conc.B [nmol/mL],dataset_I,
527.9418886198547,150.3509384301253,B,O2 conc.B [nmol/mL],dataset_I,
528.3777239709443,150.6675182826823,B,O2 conc.B [nmol/mL],dataset_I,
528.8135593220339,150.5265012298501,B,O2 conc.B [nmol/mL],dataset_I,
529.2493946731234,150.1516867168898,B,O2 conc.B [nmol/mL],dataset_I,
529.6852300242131,150.0329899943221,B,O2 conc.B [nmol/mL],dataset_I,
530.1210653753027,150.2220617738238,B,O2 conc.B [nmol/mL],dataset_I,
530.5569007263922,150.2134849098476,B,O2 conc.B [nmol/mL],dataset_I,
530.9927360774818,150.0653649941832,B,O2 conc.B [nmol/mL],dataset_I,
531.4285714285714,150.0258728831748,B,O2 conc.B [nmol/mL],dataset_I,
531.8644067796611,150.3966993749605,B,O2 conc.B [nmol/mL],dataset_I,
532.3002421307506,150.0327247820827,B,O2 conc.B [nmol/mL],dataset_I,
532.7360774818402,149.4498218137736,B,O2 conc.B [nmol/mL],dataset_I,
533.1719128329298,149.0259811591765,B,O2 conc.B [nmol/mL],dataset_I,
533.6077481840193,149.5055188720308,B,O2 conc.B [nmol/mL],dataset_I,
534.043583535109,149.891888065898,B,O2 conc.B [nmol/mL],dataset_I,
534.4794188861986,149.9459025795692,B,O2 conc.B [nmol/mL],dataset_I,
534.9152542372881,150.4407971050847,B,O2 conc.B [nmol/mL],dataset_I,
535.3510895883777,149.8509869504077,B,O2 conc.B [nmol/mL],dataset_I,
535.7869249394673,149.4379279744898,B,O2 conc.B [nmol/mL],dataset_I,
536.222760290557,150.0949048625911,B,O2 conc.B [nmol/mL],dataset_I,
536.6585956416465,149.6502402838225,B,O2 conc.B [nmol/mL],dataset_I,
537.0944309927361,148.6490734597451,B,O2 conc.B [nmol/mL],dataset_I,
537.5302663438257,149.4929202166368,B,O2 conc.B [nmol/mL],dataset_I,
537.9661016949152,148.7414227091615,B,O2 conc.B [nmol/mL],dataset_I,
538.4019370460048,149.3486709460731,B,O2 conc.B [nmol/mL],dataset_I,
538.8377723970945,149.6126452781924,B,O2 conc.B [nmol/mL],dataset_I,
539.2736077481841,149.0162352566295,B,O2 conc.B [nmol/mL],dataset_I,
539.7094430992736,149.1320095456103,B,O2 conc.B [nmol/mL],dataset_I,
540.1452784503632,149.26622942622,B,O2 conc.B [nmol/mL],dataset_I,
540.5811138014528,149.2320449423884,B,O2 conc.B [nmol/mL],dataset_I,
541.0169491525423,149.3707664564758,B,O2 conc.B [nmol/mL],dataset_I,
541.452784503632,149.7576398888126,B,O2 conc.B [nmol/mL],dataset_I,
541.8886198547216,149.5029699313928,B,O2 conc.B [nmol/mL],dataset_I,
542.3244552058111,149.2344327872746,B,O2 conc.B [nmol/mL],dataset_I,
542.7602905569007,149.7212284529783,B,O2 conc.B [nmol/mL],dataset_I,
543.1961259079903,148.8336031772989,B,O2 conc.B [nmol/mL],dataset_I,
543.6319612590798,149.0164591065804,B,O2 conc.B [nmol/mL],dataset_I,
544.0677966101695,148.763434730523,B,O2 conc.B [nmol/mL],dataset_I,
544.5036319612591,148.6610590953468,B,O2 conc.B [nmol/mL],dataset_I,
544.9394673123487,148.519045181306,B,O2 conc.B [nmol/mL],dataset_I,
545.3753026634382,148.4186127019594,B,O2 conc.B [nmol/mL],dataset_I,
545.8111380145278,147.9760687984212,B,O2 conc.B [nmol/mL],dataset_I,
546.2469733656175,148.9846726997962,B,O2 conc.B [nmol/mL],dataset_I,
546.682808716707,148.4366965244112,B,O2 conc.B [nmol/mL],dataset_I,
547.1186440677966,148.7677071942058,B,O2 conc.B [nmol/mL],dataset_I,
547.5544794188862,148.4532552420907,B,O2 conc.B [nmol/mL],dataset_I,
547.9903147699758,148.0463534480877,B,O2 conc.B [nmol/mL],dataset_I,
548.4261501210653,148.2569277473422,B,O2 conc.B [nmol/mL],dataset_I,
548.861985472155,148.6787009035851,B,O2 conc.B [nmol/mL],dataset_I,
549.2978208232446,148.363954865266,B,O2 conc.B [nmol/mL],dataset_I,
549.7336561743341,148.5422221835708,B,O2 conc.B [nmol/mL],dataset_I,
550.1694915254237,147.943369393825,B,O2 conc.B [nmol/mL],dataset_I,
550.6053268765133,148.238326086382,B,O2 conc.B [nmol/mL],dataset_I,
551.0411622276029,147.7890590654431,B,O2 conc.B [nmol/mL],dataset_I,
551.4769975786925,147.9754508790143,B,O2 conc.B [nmol/mL],dataset_I,
551.9128329297821,148.37201801026,B,O2 conc.B [nmol/mL],dataset_I,
552.3486682808716,147.7557405801697,B,O2 conc.B [nmol/mL],dataset_I,
552.7845036319612,147.6289951336694,B,O2 conc.B [nmol/mL],dataset_I,
553.2203389830509,149.0030562724982,B,O2 conc.B [nmol/mL],dataset_I,
553.6561743341405,147.2789890842175,B,O2 conc.B [nmol/mL],dataset_I,
554.09200968523,147.5701796624618,B,O2 conc.B [nmol/mL],dataset_I,
554.5278450363196,148.0335833453307,B,O2 conc.B [nmol/mL],dataset_I,
554.9636803874092,147.7572350302684,B,O2 conc.B [nmol/mL],dataset_I,
555.3995157384988,148.0452374698292,B,O2 conc.B [nmol/mL],dataset_I,
555.8353510895884,147.3939709093264,B,O2 conc.B [nmol/mL],dataset_I,
556.271186440678,147.2889302164745,B,O2 conc.B [nmol/mL],dataset_I,
556.7070217917676,147.5654515087711,B,O2 conc.B [nmol/mL],dataset_I,
557.1428571428571,147.3649851195414,B,O2 conc.B [nmol/mL],dataset_I,
557.5786924939467,147.3823724754925,B,O2 conc.B [nmol/mL],dataset_I,
558.0145278450364,147.0923899884595,B,O2 conc.B [nmol/mL],dataset_I,
558.4503631961259,147.0205462188887,B,O2 conc.B [nmol/mL],dataset_I,
558.8861985472155,147.4722443680225,B,O2 conc.B [nmol/mL],dataset_I,
559.3220338983051,147.0398644162903,B,O2 conc.B [nmol/mL],dataset_I,
559.7578692493946,147.4640492904545,B,O2 conc.B [nmol/mL],dataset_I,
560.1937046004842,147.3954853151514,B,O2 conc.B [nmol/mL],dataset_I,
560.6295399515739,147.4267167663202,B,O2 conc.B [nmol/mL],dataset_I,
561.0653753026635,146.5312175500329,B,O2 conc.B [nmol/mL],dataset_I,
561.501210653753,146.8580391431235,B,O2 conc.B [nmol/mL],dataset_I,
561.9370460048426,146.9851341353027,B,O2 conc.B [nmol/mL],dataset_I,
562.3728813559322,147.2351462079257,B,O2 conc.B [nmol/mL],dataset_I,
562.8087167070217,147.3523040098367,B,O2 conc.B [nmol/mL],dataset_I,
563.2445520581114,146.3753943505765,B,O2 conc.B [nmol/mL],dataset_I,
563.680387409201,147.313875808671,B,O2 conc.B [nmol/mL],dataset_I,
564.1162227602906,146.8390399621812,B,O2 conc.B [nmol/mL],dataset_I,
564.5520581113801,147.1185089732323,B,O2 conc.B [nmol/mL],dataset_I,
564.9878934624697,147.2569435500782,B,O2 conc.B [nmol/mL],dataset_I,
565.4237288135594,146.7916693135859,B,O2 conc.B [nmol/mL],dataset_I,
565.8595641646489,145.7304229370346,B,O2 conc.B [nmol/mL],dataset_I,
566.2953995157385,146.4577934209519,B,O2 conc.B [nmol/mL],dataset_I,
566.7312348668281,146.9069550352179,B,O2 conc.B [nmol/mL],dataset_I,
567.1670702179176,146.5500270877408,B,O2 conc.B [nmol/mL],dataset_I,
567.6029055690072,146.3998763581367,B,O2 conc.B [nmol/mL],dataset_I,
568.0387409200969,146.092284900623,B,O2 conc.B [nmol/mL],dataset_I,
568.4745762711864,146.0652780719392,B,O2 conc.B [nmol/mL],dataset_I,
568.910411622276,146.2161812120241,B,O2 conc.B [nmol/mL],dataset_I,
569.3462469733656,145.894916870446,B,O2 conc.B [nmol/mL],dataset_I,
569.7820823244552,146.4570602418338,B,O2 conc.B [nmol/mL],dataset_I,
570.2179176755448,146.3793611486936,B,O2 conc.B [nmol/mL],dataset_I,
570.6537530266344,145.4659921284155,B,O2 conc.B [nmol/mL],dataset_I,
571.089588377724,146.0213962812602,B,O2 conc.B [nmol/mL],dataset_I,
571.5254237288136,145.961064076536,B,O2 conc.B [nmol/mL],dataset_I,
571.9612590799031,145.8952639443476,B,O2 conc.B [nmol/mL],dataset_I,
572.3970944309928,145.9227173215282,B,O2 conc.B [nmol/mL],dataset_I,
572.8329297820824,146.0425632216327,B,O2 conc.B [nmol/mL],dataset_I,
573.2687651331719,146.0214729163746,B,O2 conc.B [nmol/mL],dataset_I,
573.7046004842615,145.9132207544669,B,O2 conc.B [nmol/mL],dataset_I,
574.1404358353511,145.4055841742893,B,O2 conc.B [nmol/mL],dataset_I,
574.5762711864406,145.6215744042631,B,O2 conc.B [nmol/mL],dataset_I,
575.0121065375303,145.6619380370723,B,O2 conc.B [nmol/mL],dataset_I,
575.4479418886199,145.5499712226245,B,O2 conc.B [nmol/mL],dataset_I,
575.8837772397094,145.3211962409715,B,O2 conc.B [nmol/mL],dataset_I,
576.319612590799,144.9932629150148,B,O2 conc.B [nmol/mL],dataset_I,
576.7554479418886,146.024127486704,B,O2 conc.B [nmol/mL],dataset_I,
577.1912832929783,145.4291528765319,B,O2 conc.B [nmol/mL],dataset_I,
577.6271186440678,145.1016851439045,B,O2 conc.B [nmol/mL],dataset_I,
578.0629539951574,145.3814796467407,B,O2 conc.B [nmol/mL],dataset_I,
578.498789346247,145.5618646566763,B,O2 conc.B [nmol/mL],dataset_I,
578.9346246973365,145.4150629413166,B,O2 conc.B [nmol/mL],dataset_I,
579.3704600484261,145.064264278935,B,O2 conc.B [nmol/mL],dataset_I,
579.8062953995158,144.9322933398133,B,O2 conc.B [nmol/mL],dataset_I,
580.2421307506054,145.3995622017315,B,O2 conc.B [nmol/mL],dataset_I,
580.6779661016949,145.141831234324,B,O2 conc.B [nmol/mL],dataset_I,
581.1138014527845,144.582233604431,B,O2 conc.B [nmol/mL],dataset_I,
581.5496368038741,145.0705159727225,B,O2 conc.B [nmol/mL],dataset_I,
581.9854721549636,145.2853976257263,B,O2 conc.B [nmol/mL],dataset_I,
582.4213075060533,144.6208842747284,B,O2 conc.B [nmol/mL],dataset_I,
582.8571428571429,144.6459993030528,B,O2 conc.B [nmol/mL],dataset_I,
583.2929782082324,144.2715566468111,B,O2 conc.B [nmol/mL],dataset_I,
583.728813559322,144.8138780587433,B,O2 conc.B [nmol/mL],dataset_I,
584.1646489104116,144.6714377365821,B,O2 conc.B [nmol/mL],dataset_I,
584.6004842615012,144.4905747009609,B,O2 conc.B [nmol/mL],dataset_I,
585.0363196125908,144.0290674238797,B,O2 conc.B [nmol/mL],dataset_I,
585.4721549636804,144.3542726830883,B,O2 conc.B [nmol/mL],dataset_I,
585.90799031477,144.0564232895338,B,O2 conc.B [nmol/mL],dataset_I,
586.3438256658595,144.3994610898295,B,O2 conc.B [nmol/mL],dataset_I,
586.7796610169491,144.4947672419572,B,O2 conc.B [nmol/mL],dataset_I,
587.2154963680388,144.2617573604939,B,O2 conc.B [nmol/mL],dataset_I,
587.6513317191283,144.1454046783926,B,O2 conc.B [nmol/mL],dataset_I,
588.0871670702179,144.3197134298083,B,O2 conc.B [nmol/mL],dataset_I,
588.5230024213075,144.0085022332227,B,O2 conc.B [nmol/mL],dataset_I,
588.9588377723971,144.0581097854873,B,O2 conc.B [nmol/mL],dataset_I,
589.3946731234867,143.8518181971338,B,O2 conc.B [nmol/mL],dataset_I,
589.8305084745763,144.2419890292325,B,O2 conc.B [nmol/mL],dataset_I,
590.2663438256659,143.4689478232688,B,O2 conc.B [nmol/mL],dataset_I,
590.7021791767554,144.0425312639167,B,O2 conc.B [nmol/mL],dataset_I,
591.138014527845,144.2203593380614,B,O2 conc.B [nmol/mL],dataset_I,
591.5738498789347,143.9301537207248,B,O2 conc.B [nmol/mL],dataset_I,
592.0096852300242,143.9238885608374,B,O2 conc.B [nmol/mL],dataset_I,
592.4455205811138,144.1475640236144,B,O2 conc.B [nmol/mL],dataset_I,
592.8813559322034,143.5913103918579,B,O2 conc.B [nmol/mL],dataset_I,
593.3171912832929,144.9083574347013,B,O2 conc.B [nmol/mL],dataset_I,
593.7530266343825,143.8768035267525,B,O2 conc.B [nmol/mL],dataset_I,
594.1888619854722,143.7093664589321,B,O2 conc.B [nmol/mL],dataset_I,
594.6246973365618,143.8803649793278,B,O2 conc.B [nmol/mL],dataset_I,
595.0605326876513,143.5664609322502,B,O2 conc.B [nmol/mL],dataset_I,
595.4963680387409,143.6178357309111,B,O2 conc.B [nmol/mL],dataset_I,
595.9322033898305,143.4962352146983,B,O2 conc.B [nmol/mL],dataset_I,
596.3680387409202,144.2921568676152,B,O2 conc.B [nmol/mL],dataset_I,
596.8038740920097,143.4733922985806,B,O2 conc.B [nmol/mL],dataset_I,
597.2397094430993,143.114102283783,B,O2 conc.B [nmol/mL],dataset_I,
597.6755447941889,143.5573182854782,B,O2 conc.B [nmol/mL],dataset_I,
598.1113801452784,142.675668155182,B,O2 conc.B [nmol/mL],dataset_I,
598.547215496368,143.535909203343,B,O2 conc.B [nmol/mL],dataset_I,
598.9830508474577,143.0616384554766,B,O2 conc.B [nmol/mL],dataset_I,
599.4188861985472,143.4465232784028,B,O2 conc.B [nmol/mL],dataset_I,
599.8547215496368,143.1493711785655,B,O2 conc.B [nmol/mL],dataset_I,
600.2905569007264,143.3301811287106,B,O2 conc.B [nmol/mL],dataset_I,
600.7263922518159,142.7849202367354,B,O2 conc.B [nmol/mL],dataset_I,
601.1622276029055,142.1936641519731,B,O2 conc.B [nmol/mL],dataset_I,
601.5980629539952,143.2897866536926,B,O2 conc.B [nmol/mL],dataset_I,
602.0338983050848,142.3764590987971,B,O2 conc.B [nmol/mL],dataset_I,
602.4697336561743,142.4908494099077,B,O2 conc.B [nmol/mL],dataset_I,
602.9055690072639,142.871494324694,B,O2 conc.B [nmol/mL],dataset_I,
603.3414043583535,143.1374893898163,B,O2 conc.B [nmol/mL],dataset_I,
603.777239709443,142.2701519326415,B,O2 conc.B [nmol/mL],dataset_I,
604.2130750605327,143.2554347722402,B,O2 conc.B [nmol/mL],dataset_I,
604.6489104116223,141.6606753800073,B,O2 conc.B [nmol/mL],dataset_I,
605.0847457627119,142.1323431259623,B,O2 conc.B [nmol/mL],dataset_I,
605.5205811138014,142.7054239077129,B,O2 conc.B [nmol/mL],dataset_I,
605.956416464891,142.7842201013869,B,O2 conc.B [nmol/mL],dataset_I,
606.3922518159807,142.4434992236095,B,O2 conc.B [nmol/mL],dataset_I,
606.8280871670702,142.5265236340318,B,O2 conc.B [nmol/mL],dataset_I,
607.2639225181598,142.2449601028862,B,O2 conc.B [nmol/mL],dataset_I,
607.6997578692494,142.0141636669913,B,O2 conc.B [nmol/mL],dataset_I,
608.1355932203389,141.9466580078846,B,O2 conc.B [nmol/mL],dataset_I,
608.5714285714286,141.4827598343471,B,O2 conc.B [nmol/mL],dataset_I,
609.0072639225182,142.0447214722112,B,O2 conc.B [nmol/mL],dataset_I,
609.4430992736077,142.4538771365376,B,O2 conc.B [nmol/mL],dataset_I,
609.8789346246973,141.8916594746765,B,O2 conc.B [nmol/mL],dataset_I,
610.3147699757869,142.2514063510044,B,O2 conc.B [nmol/mL],dataset_I,
610.7506053268766,142.1139264370255,B,O2 conc.B [nmol/mL],dataset_I,
611.1864406779661,141.8922070141499,B,O2 conc.B [nmol/mL],dataset_I,
611.6222760290557,141.2694558321016,B,O2 conc.B [nmol/mL],dataset_I,
612.0581113801453,141.5361595187019,B,O2 conc.B [nmol/mL],dataset_I,
612.4939467312349,141.6946649537844,B,O2 conc.B [nmol/mL],dataset_I,
612.9297820823244,141.4612120118527,B,O2 conc.B [nmol/mL],dataset_I,
613.3656174334141,141.3053569145744,B,O2 conc.B [nmol/mL],dataset_I,
613.8014527845037,141.9820810928397,B,O2 conc.B [nmol/mL],dataset_I,
614.2372881355932,141.8561198948478,B,O2 conc.B [nmol/mL],dataset_I,
614.6731234866828,141.4533006780815,B,O2 conc.B [nmol/mL],dataset_I,
615.1089588377724,141.1487077883586,B,O2 conc.B [nmol/mL],dataset_I,
615.5447941888619,141.4421516855947,B,O2 conc.B [nmol/mL],dataset_I,
615.9806295399516,141.4412954882641,B,O2 conc.B [nmol/mL],dataset_I,
616.4164648910412,141.2516591723502,B,O2 conc.B [nmol/mL],dataset_I,
616.8523002421307,141.1054475576557,B,O2 conc.B [nmol/mL],dataset_I,
617.2881355932203,141.3140201205242,B,O2 conc.B [nmol/mL],dataset_I,
617.7239709443099,141.7029171210579,B,O2 conc.B [nmol/mL],dataset_I,
618.1598062953994,141.3421349872818,B,O2 conc.B [nmol/mL],dataset_I,
618.5956416464891,141.6499666581277,B,O2 conc.B [nmol/mL],dataset_I,
619.0314769975787,140.5786414594068,B,O2 conc.B [nmol/mL],dataset_I,
619.4673123486683,141.0126635225488,B,O2 conc.B [nmol/mL],dataset_I,
619.9031476997579,140.286989196304,B,O2 conc.B [nmol/mL],dataset_I,
620.3389830508474,141.3353332418738,B,O2 conc.B [nmol/mL],dataset_I,
620.7748184019371,140.4530354418161,B,O2 conc.B [nmol/mL],dataset_I,
621.2106537530267,141.3349727023684,B,O2 conc.B [nmol/mL],dataset_I,
621.6464891041162,140.9245643257248,B,O2 conc.B [nmol/mL],dataset_I,
622.0823244552058,140.9539691440884,B,O2 conc.B [nmol/mL],dataset_I,
622.5181598062954,140.7961517007275,B,O2 conc.B [nmol/mL],dataset_I,
622.953995157385,141.0176574686197,B,O2 conc.B [nmol/mL],dataset_I,
623.3898305084746,140.5550313810047,B,O2 conc.B [nmol/mL],dataset_I,
623.8256658595642,140.6876631936564,B,O2 conc.B [nmol/mL],dataset_I,
624.2615012106537,140.3113498184984,B,O2 conc.B [nmol/mL],dataset_I,
624.6973365617433,140.2974018192498,B,O2 conc.B [nmol/mL],dataset_I,
625.133171912833,140.4471555550793,B,O2 conc.B [nmol/mL],dataset_I,
625.5690072639225,140.2111205887332,B,O2 conc.B [nmol/mL],dataset_I,
626.0048426150121,139.7767410954556,B,O2 conc.B [nmol/mL],dataset_I,
626.4406779661017,140.6079539446759,B,O2 conc.B [nmol/mL],dataset_I,
626.8765133171912,140.3819358013328,B,O2 conc.B [nmol/mL],dataset_I,
627.3123486682808,139.9393392955057,B,O2 conc.B [nmol/mL],dataset_I,
627.7481840193705,139.9165169656945,B,O2 conc.B [nmol/mL],dataset_I,
628.1840193704601,139.910826407403,B,O2 conc.B [nmol/mL],dataset_I,
628.6198547215497,140.583480631761,B,O2 conc.B [nmol/mL],dataset_I,
629.0556900726392,140.0405593503708,B,O2 conc.B [nmol/mL],dataset_I,
629.4915254237288,139.6306453653248,B,O2 conc.B [nmol/mL],dataset_I,
629.9273607748185,139.7371048153678,B,O2 conc.B [nmol/mL],dataset_I,
630.363196125908,139.5281207788604,B,O2 conc.B [nmol/mL],dataset_I,
630.7990314769976,139.7226967097884,B,O2 conc.B [nmol/mL],dataset_I,
631.2348668280872,140.1431078623768,B,O2 conc.B [nmol/mL],dataset_I,
631.6707021791767,139.390299778568,B,O2 conc.B [nmol/mL],dataset_I,
632.1065375302663,139.8264814202681,B,O2 conc.B [nmol/mL],dataset_I,
632.542372881356,139.3898609623425,B,O2 conc.B [nmol/mL],dataset_I,
632.9782082324455,139.5671358467011,B,O2 conc.B [nmol/mL],dataset_I,
633.4140435835351,139.5113171051147,B,O2 conc.B [nmol/mL],dataset_I,
633.8498789346247,139.7493708595342,B,O2 conc.B [nmol/mL],dataset_I,
634.2857142857142,139.8504085770085,B,O2 conc.B [nmol/mL],dataset_I,
634.7215496368038,139.5906605121966,B,O2 conc.B [nmol/mL],dataset_I,
635.1573849878935,139.7445216762308,B,O2 conc.B [nmol/mL],dataset_I,
635.5932203389831,139.7623969946203,B,O2 conc.B [nmol/mL],dataset_I,
636.0290556900726,139.2291138561421,B,O2 conc.B [nmol/mL],dataset_I,
636.4648910411622,139.2854246946823,B,O2 conc.B [nmol/mL],dataset_I,
636.9007263922518,139.2689222645328,B,O2 conc.B [nmol/mL],dataset_I,
637.3365617433415,139.1687837119281,B,O2 conc.B [nmol/mL],dataset_I,
637.772397094431,138.9960784800934,B,O2 conc.B [nmol/mL],dataset_I,
638.2082324455206,138.7910149051494,B,O2 conc.B [nmol/mL],dataset_I,
638.6440677966102,139.4533610202681,B,O2 conc.B [nmol/mL],dataset_I,
639.0799031476997,139.3596086938666,B,O2 conc.B [nmol/mL],dataset_I,
639.5157384987893,139.0191937267977,B,O2 conc.B [nmol/mL],dataset_I,
639.951573849879,138.5817214567392,B,O2 conc.B [nmol/mL],dataset_I,
640.3874092009685,138.6410500122316,B,O2 conc.B [nmol/mL],dataset_I,
640.8232445520581,139.0897935629984,B,O2 conc.B [nmol/mL],dataset_I,
641.2590799031477,138.3653604549405,B,O2 conc.B [nmol/mL],dataset_I,
641.6949152542372,139.0936189207882,B,O2 conc.B [nmol/mL],dataset_I,
642.1307506053269,139.302971361637,B,O2 conc.B [nmol/mL],dataset_I,
642.5665859564165,138.5939059505424,B,O2 conc.B [nmol/mL],dataset_I,
643.002421307506,138.7502492558476,B,O2 conc.B [nmol/mL],dataset_I,
643.4382566585956,138.7000961381699,B,O2 conc.B [nmol/mL],dataset_I,
643.8740920096852,138.370759932428,B,O2 conc.B [nmol/mL],dataset_I,
644.3099273607749,137.9124080308237,B,O2 conc.B [nmol/mL],dataset_I,
644.7457627118645,138.3763278334012,B,O2 conc.B [nmol/mL],dataset_I,
645.181598062954,138.065432718552,B,O2 conc.B [nmol/mL],dataset_I,
645.6174334140436,137.7537400002425,B,O2 conc.B [nmol/mL],dataset_I,
646.0532687651332,138.1025495356685,B,O2 conc.B [nmol/mL],dataset_I,
646.4891041162227,138.0057819785866,B,O2 conc.B [nmol/mL],dataset_I,
646.9249394673124,138.1427672675715,B,O2 conc.B [nmol/mL],dataset_I,
647.360774818402,137.9484600397759,B,O2 conc.B [nmol/mL],dataset_I,
647.7966101694915,137.7780510778585,B,O2 conc.B [nmol/mL],dataset_I,
648.2324455205811,137.4557366035096,B,O2 conc.B [nmol/mL],dataset_I,
648.6682808716707,138.3943545620989,B,O2 conc.B [nmol/mL],dataset_I,
649.1041162227602,137.8588173557056,B,O2 conc.B [nmol/mL],dataset_I,
649.5399515738499,138.3004174010507,B,O2 conc.B [nmol/mL],dataset_I,
649.9757869249395,137.7713474437942,B,O2 conc.B [nmol/mL],dataset_I,
650.411622276029,137.9764838382069,B,O2 conc.B [nmol/mL],dataset_I,
650.8474576271186,137.7103951967377,B,O2 conc.B [nmol/mL],dataset_I,
651.2832929782082,137.6921743990435,B,O2 conc.B [nmol/mL],dataset_I,
651.7191283292979,137.991869770019,B,O2 conc.B [nmol/mL],dataset_I,
652.1549636803874,137.6249238109712,B,O2 conc.B [nmol/mL],dataset_I,
652.590799031477,137.5106618736707,B,O2 conc.B [nmol/mL],dataset_I,
653.0266343825666,137.5045164394079,B,O2 conc.B [nmol/mL],dataset_I,
653.4624697336562,137.3888296261188,B,O2 conc.B [nmol/mL],dataset_I,
653.8983050847457,137.0588438832749,B,O2 conc.B [nmol/mL],dataset_I,
654.3341404358354,137.0614268448788,B,O2 conc.B [nmol/mL],dataset_I,
654.769975786925,137.0489828820412,B,O2 conc.B [nmol/mL],dataset_I,
655.2058111380145,137.6627471669779,B,O2 conc.B [nmol/mL],dataset_I,
655.6416464891041,137.1868336601366,B,O2 conc.B [nmol/mL],dataset_I,
656.0774818401937,137.3295012924478,B,O2 conc.B [nmol/mL],dataset_I,
656.5133171912832,137.5999975389597,B,O2 conc.B [nmol/mL],dataset_I,
656.9491525423729,137.1912895715565,B,O2 conc.B [nmol/mL],dataset_I,
657.3849878934625,137.1881656723254,B,O2 conc.B [nmol/mL],dataset_I,
657.820823244552,137.1764452397047,B,O2 conc.B [nmol/mL],dataset_I,
658.2566585956416,136.7345264040573,B,O2 conc.B [nmol/mL],dataset_I,
658.6924939467312,137.397573881092,B,O2 conc.B [nmol/mL],dataset_I,
659.1283292978208,136.6192486168798,B,O2 conc.B [nmol/mL],dataset_I,
659.5641646489104,136.8792139205686,B,O2 conc.B [nmol/mL],dataset_I,
660.0,137.2213963307659,B,O2 conc.B [nmol/mL],dataset_I,rotenone+antimycin
660.4024213075061,136.9316938789184,B,O2 conc.B [nmol/mL],dataset_I,
660.8048426150121,136.9731761155565,B,O2 conc.B [nmol/mL],dataset_I,
661.2072639225181,136.8246767787962,B,O2 conc.B [nmol/mL],dataset_I,
661.6096852300242,136.5116814963374,B,O2 conc.B [nmol/mL],dataset_I,
662.0121065375303,136.2052594698024,B,O2 conc.B [nmol/mL],dataset_I,
662.4145278450363,136.7619176147706,B,O2 conc.B [nmol/mL],dataset_I,
662.8169491525424,136.47985647295,B,O2 conc.B [nmol/mL],dataset_I,
663.2193704600485,136.395839382826,B,O2 conc.B [nmol/mL],dataset_I,
663.6217917675544,136.7055338102048,B,O2 conc.B [nmol/mL],dataset_I,
664.0242130750605,137.1156609699816,B,O2 conc.B [nmol/mL],dataset_I,
664.4266343825666,136.2854699976081,B,O2 conc.B [nmol/mL],dataset_I,
664.8290556900727,136.9874162043946,B,O2 conc.B [nmol/mL],dataset_I,
665.2314769975787,136.9798845290422,B,O2 conc.B [nmol/mL],dataset_I,
665.6338983050847,136.0143056415678,B,O2 conc.B [nmol/mL],dataset_I,
666.0363196125908,136.6146149612456,B,O2 conc.B [nmol/mL],dataset_I,
666.4387409200968,137.0054714685328,B,O2 conc.B [nmol/mL],dataset_I,
666.8411622276029,137.6082514444735,B,O2 conc.B [nmol/mL],dataset_I,
667.243583535109,136.3094593419404,B,O2 conc.B [nmol/mL],dataset_I,
667.646004842615,136.1355931618943,B,O2 conc.B [nmol/mL],dataset_I,
668.048426150121,137.0266152932107,B,O2 conc.B [nmol/mL],dataset_I,
668.4508474576271,136.7009384818433,B,O2 conc.B [nmol/mL],dataset_I,
668.8532687651332,136.7854109885756,B,O2 conc.B [nmol/mL],dataset_I,
669.2556900726393,136.4370965004049,B,O2 conc.B [nmol/mL],dataset_I,
669.6581113801453,136.5673133892747,B,O2 conc.B [nmol/mL],dataset_I,
670.0605326876513,136.8585711129417,B,O2 conc.B [nmol/mL],dataset_I,
670.4629539951574,137.4839567375718,B,O2 conc.B [nmol/mL],dataset_I,
670.8653753026634,137.0828913561793,B,O2 conc.B [nmol/mL],dataset_I,
671.2677966101695,136.2080963618181,B,O2 conc.B [nmol/mL],dataset_I,
671.6702179176756,137.093315324206,B,O2 conc.B [nmol/mL],dataset_I,
672.0726392251815,136.3770167925214,B,O2 conc.B [nmol/mL],dataset_I,
672.4750605326876,136.5676748645318,B,O2 conc.B [nmol/mL],dataset_I,
672.8774818401937,136.9696548944421,B,O2 conc.B [nmol/mL],dataset_I,
673.2799031476998,136.5836675128272,B,O2 conc.B [nmol/mL],dataset_I,
673.6823244552058,136.8994574539277,B,O2 conc.B [nmol/mL],dataset_I,
674.0847457627119,137.3149590057283,B,O2 conc.B [nmol/mL],dataset_I,
674.4871670702179,137.1015624976883,B,O2 conc.B [nmol/mL],dataset_I,
674.889588377724,137.0912095088956,B,O2 conc.B [nmol/mL],dataset_I,
675.29200968523,136.6863202340571,B,O2 conc.B [nmol/mL],dataset_I,
675.6944309927361,136.5708805344507,B,O2 conc.B [nmol/mL],dataset_I,
676.0968523002422,137.0209069632681,B,O2 conc.B [nmol/mL],dataset_I,
676.4992736077481,135.9600844419237,B,O2 conc.B [nmol/mL],dataset_I,
676.9016949152542,137.1452486726407,B,O2 conc.B [nmol/mL],dataset_I,
677.3041162227603,136.4478486289856,B,O2 conc.B [nmol/mL],dataset_I,
677.7065375302664,137.1483224712326,B,O2 conc.B [nmol/mL],dataset_I,
678.1089588377724,136.4319603593684,B,O2 conc.B [nmol/mL],dataset_I,
678.5113801452785,136.7593576086494,B,O2 conc.B [nmol/mL],dataset_I,
678.9138014527845,136.4121258180235,B,O2 conc.B [nmol/mL],dataset_I,
679.3162227602905,137.0181634068495,B,O2 conc.B [nmol/mL],dataset_I,
679.7186440677966,136.6057698152167,B,O2 conc.B [nmol/mL],dataset_I,
680.1210653753027,136.5698905066597,B,O2 conc.B [nmol/mL],dataset_I,
680.5234866828088,136.3569295908374,B,O2 conc.B [nmol/mL],dataset_I,
680.9259079903147,137.038563251864,B,O2 conc.B [nmol/mL],dataset_I,
681.3283292978208,136.0243616908998,B,O2 conc.B [nmol/mL],dataset_I,
681.7307506053269,136.7724637229869,B,O2 conc.B [nmol/mL],dataset_I,
682.133171912833,137.1497867052445,B,O2 conc.B [nmol/mL],dataset_I,
682.535593220339,136.8456546081693,B,O2 conc.B [nmol/mL],dataset_I,
682.9380145278451,136.1858236514322,B,O2 conc.B [nmol/mL],dataset_I,
683.3404358353511,136.4310513906036,B,O2 conc.B [nmol/mL],dataset_I,
683.7428571428571,137.2486435973703,B,O2 conc.B [nmol/mL],dataset_I,
684.1452784503632,136.5511779529,B,O2 conc.B [nmol/mL],dataset_I,
684.5476997578693,136.4808808640195,B,O2 conc.B [nmol/mL],dataset_I,
684.9501210653754,136.8000783722668,B,O2 conc.B [nmol/mL],dataset_I,
685.3525423728813,136.7397215754742,B,O2 conc.B [nmol/mL],dataset_I,
685.7549636803874,137.0547816205048,B,O2 conc.B [nmol/mL],dataset_I,
686.1573849878935,136.051026525219,B,O2 conc.B [nmol/mL],dataset_I,
686.5598062953995,136.7156954852012,B,O2 conc.B [nmol/mL],dataset_I,
686.9622276029056,137.0227998283813,B,O2 conc.B [nmol/mL],dataset_I,
687.3646489104116,136.5808082329125,B,O2 conc.B [nmol/mL],dataset_I,
687.7670702179176,136.8437613821887,B,O2 conc.B [nmol/mL],dataset_I,
688.1694915254237,136.7021793252232,B,O2 conc.B [nmol/mL],dataset_I,
688.5719128329298,137.4234138550409,B,O2 conc.B [nmol/mL],dataset_I,
688.9743341404359,137.0221457297531,B,O2 conc.B [nmol/mL],dataset_I,
689.376755447942,136.8629601486716,B,O2 conc.B [nmol/mL],dataset_I,
689.7791767554479,136.6653835429768,B,O2 conc.B [nmol/mL],dataset_I,
690.181598062954,136.1009070295282,B,O2 conc.B [nmol/mL],dataset_I,
690.58401937046,136.4818707477074,B,O2 conc.B [nmol/mL],dataset_I,
690.9864406779661,136.8221945824339,B,O2 conc.B [nmol/mL],dataset_I,
691.3888619854722,136.6942839567987,B,O2 conc.B [nmol/mL],dataset_I,
691.7912832929782,136.7729607277593,B,O2 conc.B [nmol/mL],dataset_I,
692.1937046004842,136.9926201218753,B,O2 conc.B [nmol/mL],dataset_I,
692.5961259079903,137.2284938281045,B,O2 conc.B [nmol/mL],dataset_I,
692.9985472154964,136.4848711370147,B,O2 conc.B [nmol/mL],dataset_I,
693.4009685230025,137.0510793503502,B,O2 conc.B [nmol/mL],dataset_I,
693.8033898305085,136.8219922540403,B,O2 conc.B [nmol/mL],dataset_I,
694.2058111380145,136.7820293319769,B,O2 conc.B [nmol/mL],dataset_I,
694.6082324455206,137.1398159758753,B,O2 conc.B [nmol/mL],dataset_I,
695.0106537530266,136.2703297921852,B,O2 conc.B [nmol/mL],dataset_I,
695.4130750605327,137.3962277596496,B,O2 conc.B [nmol/mL],dataset_I,
695.8154963680388,136.7988831857863,B,O2 conc.B [nmol/mL],dataset_I,
696.2179176755448,137.3835870283797,B,O2 conc.B [nmol/mL],dataset_I,
696.6203389830508,137.1325042897325,B,O2 conc.B [nmol/mL],dataset_I,
697.0227602905569,136.7565089835264,B,O2 conc.B [nmol/mL],dataset_I,
697.425181598063,136.4663687990404,B,O2 conc.B [nmol/mL],dataset_I,
697.827602905569,137.0419395505382,B,O2 conc.B [nmol/mL],dataset_I,
698.230024213075,137.317475361838,B,O2 conc.B [nmol/mL],dataset_I,
698.6324455205811,137.1237708266905,B,O2 conc.B [nmol/mL],dataset_I,
699.0348668280872,136.5239376258269,B,O2 conc.B [nmol/mL],dataset_I,
699.4372881355932,136.6112082598835,B,O2 conc.B [nmol/mL],dataset_I,
699.8397094430993,136.6105995423648,B,O2 conc.B [nmol/mL],dataset_I,
700.2421307506054,136.4068159406694,B,O2 conc.B [nmol/mL],dataset_I,
700.6445520581113,136.6624011356455,B,O2 conc.B [nmol/mL],dataset_I,
701.0469733656174,136.6246644192827,B,O2 conc.B [nmol/mL],dataset_I,
701.4493946731235,136.7182421580688,B,O2 conc.B [nmol/mL],dataset_I,
701.8518159806296,136.7047452752576,B,O2 conc.B [nmol/mL],dataset_I,
702.2542372881356,137.2348144175144,B,O2 conc.B [nmol/mL],dataset_I,
702.6566585956416,136.6918011913236,B,O2 conc.B [nmol/mL],dataset_I,
703.0590799031477,136.6454424487213,B,O2 conc.B [nmol/mL],dataset_I,
703.4615012106538,136.3798461045476,B,O2 conc.B [nmol/mL],dataset_I,
703.8639225181598,137.2181723601646,B,O2 conc.B [nmol/mL],dataset_I,
704.2663438256659,137.210825142106,B,O2 conc.B [nmol/mL],dataset_I,
704.668765133172,136.8692107651471,B,O2 conc.B [nmol/mL],dataset_I,
705.0711864406779,136.6923453509868,B,O2 conc.B [nmol/mL],dataset_I,
705.473607748184,136.4601650369493,B,O2 conc.B [nmol/mL],dataset_I,
705.8760290556901,137.6164041111118,B,O2 conc.B [nmol/mL],dataset_I,
706.2784503631962,136.3220651643172,B,O2 conc.B [nmol/mL],dataset_I,
706.6808716707022,136.8694639468926,B,O2 conc.B [nmol/mL],dataset_I,
707.0832929782082,137.1096699654081,B,O2 conc.B [nmol/mL],dataset_I,
707.4857142857143,137.6459402719359,B,O2 conc.B [nmol/mL],dataset_I,
707.8881355932203,136.4729668855201,B,O2 conc.B [nmol/mL],dataset_I,
708.2905569007264,136.7763611667015,B,O2 conc.B [nmol/mL],dataset_I,
708.6929782082325,137.1782491493817,B,O2 conc.B [nmol/mL],dataset_I,
709.0953995157386,136.2293939530712,B,O2 conc.B [nmol/mL],dataset_I,
709.4978208232445,136.4838823065886,B,O2 conc.B [nmol/mL],dataset_I,
709.9002421307506,136.9278820523575,B,O2 conc.B [nmol/mL],dataset_I,
710.3026634382567,136.5110977128099,B,O2 conc.B [nmol/mL],dataset_I,
710.7050847457627,137.0344585950189,B,O2 conc.B [nmol/mL],dataset_I,
711.1075060532688,136.8408773144247,B,O2 conc.B [nmol/mL],dataset_I,
711.5099273607748,136.6325405991607,B,O2 conc.B [nmol/mL],dataset_I,
711.9123486682809,136.5320015473555,B,O2 conc.B [nmol/mL],dataset_I,
712.3147699757869,136.7259451254932,B,O2 conc.B [nmol/mL],dataset_I,
712.717191283293,136.7868706228702,B,O2 conc.B [nmol/mL],dataset_I,
713.1196125907991,137.0684468996256,B,O2 conc.B [nmol/mL],dataset_I,
713.5220338983052,136.8552226608767,B,O2 conc.B [nmol/mL],dataset_I,
713.9244552058111,137.0418323372081,B,O2 conc.B [nmol/mL],dataset_I,
714.3268765133172,136.5183722887924,B,O2 conc.B [nmol/mL],dataset_I,
714.7292978208233,137.3001653258521,B,O2 conc.B [nmol/mL],dataset_I,
715.1317191283293,136.4779908590667,B,O2 conc.B [nmol/mL],dataset_I,
715.5341404358354,136.2611021798996,B,O2 conc.B [nmol/mL],dataset_I,
715.9365617433414,137.0797533173775,B,O2 conc.B [nmol/mL],dataset_I,
716.3389830508474,136.2791874707076,B,O2 conc.B [nmol/mL],dataset_I,
716.7414043583535,137.5737777670979,B,O2 conc.B [nmol/mL],dataset_I,
717.1438256658596,136.560729160002,B,O2 conc.B [nmol/mL],dataset_I,
717.5462469733657,137.2601854815672,B,O2 conc.B [nmol/mL],dataset_I,
717.9486682808717,137.6384583867176,B,O2 conc.B [nmol/mL],dataset_I,
718.3510895883777,136.4096339236119,B,O2 conc.B [nmol/mL],dataset_I,
718.7535108958838,136.3604184120353,B,O2 conc.B [nmol/mL],dataset_I,
719.1559322033899,136.9075439799055,B,O2 conc.B [nmol/mL],dataset_I,
719.5583535108959,136.8621942845602,B,O2 conc.B [nmol/mL],dataset_I,
719.960774818402,136.9503426582508,B,O2 conc.B [nmol/mL],dataset_I,
720.363196125908,136.4927391834458,B,O2 conc.B [nmol/mL],dataset_I,
720.765617433414,137.1762979888598,B,O2 conc.B [nmol/mL],dataset_I,
721.1680387409201,135.7311713040228,B,O2 conc.B [nmol/mL],dataset_I,
721.5704600484262,136.6778576660934,B,O2 conc.B [nmol/mL],dataset_I,
721.9728813559323,136.481840103083,B,O2 conc.B [nmol/mL],dataset_I,
722.3753026634382,136.8155504399273,B,O2 conc.B [nmol/mL],dataset_I,
722.7777239709443,136.2661604240242,B,O2 conc.B [nmol/mL],dataset_I,
723.1801452784504,137.3310585759695,B,O2 conc.B [nmol/mL],dataset_I,
723.5825665859564,136.2626174779406,B,O2 conc.B [nmol/mL],dataset_I,
723.9849878934625,136.820754805648,B,O2 conc.B [nmol/mL],dataset_I,
724.3874092009685,136.4500535515053,B,O2 conc.B [nmol/mL],dataset_I,
724.7898305084746,137.1311284128929,B,O2 conc.B [nmol/mL],dataset_I,
725.1922518159806,136.763488098243,B,O2 conc.B [nmol/mL],dataset_I,
725.5946731234867,136.7571640024675,B,O2 conc.B [nmol/mL],dataset_I,
725.9970944309928,136.9827920823445,B,O2 conc.B [nmol/mL],dataset_I,
726.3995157384988,137.1351557787065,B,O2 conc.B [nmol/mL],dataset_I,
726.8019370460049,136.7494731164322,B,O2 conc.B [nmol/mL],dataset_I,
727.2043583535109,135.9456813747318,B,O2 conc.B [nmol/mL],dataset_I,
727.606779661017,137.0990191465472,B,O2 conc.B [nmol/mL],dataset_I,
728.009200968523,136.9213340490734,B,O2 conc.B [nmol/mL],dataset_I,
728.4116222760291,136.9009879592975,B,O2 conc.B [nmol/mL],dataset_I,
728.8140435835351,137.3723578215895,B,O2 conc.B [nmol/mL],dataset_I,
729.2164648910411,136.9874997068118,B,O2 conc.B [nmol/mL],dataset_I,
729.6188861985472,136.8708129862725,B,O2 conc.B [nmol/mL],dataset_I,
730.0213075060533,136.8221808994239,B,O2 conc.B [nmol/mL],dataset_I,
730.4237288135594,136.8622790535596,B,O2 conc.B [nmol/mL],dataset_I,
730.8261501210654,136.854549287474,B,O2 conc.B [nmol/mL],dataset_I,
731.2285714285714,136.256022673811,B,O2 conc.B [nmol/mL],dataset_I,
731.6309927360775,137.2184705488361,B,O2 conc.B [nmol/mL],dataset_I,
732.0334140435835,137.0028494567791,B,O2 conc.B [nmol/mL],dataset_I,
732.4358353510896,137.4435674550651,B,O2 conc.B [nmol/mL],dataset_I,
732.8382566585957,136.8063055893178,B,O2 conc.B [nmol/mL],dataset_I,
733.2406779661017,137.190477644365,B,O2 conc.B [nmol/mL],dataset_I,
733.6430992736077,137.5266977529836,B,O2 conc.B [nmol/mL],dataset_I,
734.0455205811138,137.0883749175849,B,O2 conc.B [nmol/mL],dataset_I,
734.4479418886199,136.7418510324773,B,O2 conc.B [nmol/mL],dataset_I,
734.850363196126,136.5250975894678,B,O2 conc.B [nmol/mL],dataset_I,
735.252784503632,137.4632489077762,B,O2 conc.B [nmol/mL],dataset_I,
735.655205811138,137.7497199506341,B,O2 conc.B [nmol/mL],dataset_I,
736.0576271186441,136.2998634766604,B,O2 conc.B [nmol/mL],dataset_I,
736.4600484261501,136.8186691760636,B,O2 conc.B [nmol/mL],dataset_I,
736.8624697336562,137.3977173507294,B,O2 conc.B [nmol/mL],dataset_I,
737.2648910411623,137.1563306193248,B,O2 conc.B [nmol/mL],dataset_I,
737.6673123486682,136.7237785009938,B,O2 conc.B [nmol/mL],dataset_I,
738.0697336561743,136.8683978874345,B,O2 conc.B [nmol/mL],dataset_I,
738.4721549636804,137.3162641476308,B,O2 conc.B [nmol/mL],dataset_I,
738.8745762711865,136.9583819646128,B,O2 conc.B [nmol/mL],dataset_I,
739.2769975786925,136.9538824962102,B,O2 conc.B [nmol/mL],dataset_I,
739.6794188861986,137.304120565275,B,O2 conc.B [nmol/mL],dataset_I,
740.0818401937046,137.0767418362304,B,O2 conc.B [nmol/mL],dataset_I,
740.4842615012107,136.9460782245005,B,O2 conc.B [nmol/mL],dataset_I,
740.8866828087167,137.1989696709202,B,O2 conc.B [nmol/mL],dataset_I,
741.2891041162228,137.026683237848,B,O2 conc.B [nmol/mL],dataset_I,
741.6915254237289,137.5096652680136,B,O2 conc.B [nmol/mL],dataset_I,
742.0939467312348,137.3918095889231,B,O2 conc.B [nmol/mL],dataset_I,
742.4963680387409,136.5685144240714,B,O2 conc.B [nmol/mL],dataset_I,
742.898789346247,136.3689301549207,B,O2 conc.B [nmol/mL],dataset_I,
743.3012106537531,137.1744272079938,B,O2 conc.B [nmol/mL],dataset_I,
743.7036319612591,136.3949112120892,B,O2 conc.B [nmol/mL],dataset_I,
744.1060532687652,136.7632188351513,B,O2 conc.B [nmol/mL],dataset_I,
744.5084745762712,136.8640795989556,B,O2 conc.B [nmol/mL],dataset_I,
744.9108958837772,135.998189984759,B,O2 conc.B [nmol/mL],dataset_I,
745.3133171912833,137.0122883317232,B,O2 conc.B [nmol/mL],dataset_I,
745.7157384987894,137.0878293364684,B,O2 conc.B [nmol/mL],dataset_I,
746.1181598062955,137.0508287793234,B,O2 conc.B [nmol/mL],dataset_I,
746.5205811138014,136.5642791435146,B,O2 conc.B [nmol/mL],dataset_I,
746.9230024213075,137.2448776532569,B,O2 conc.B [nmol/mL],dataset_I,
747.3254237288136,137.5106521669831,B,O2 conc.B [nmol/mL],dataset_I,
747.7278450363196,136.3122943432324,B,O2 conc.B [nmol/mL],dataset_I,
748.1302663438257,136.6094095567519,B,O2 conc.B [nmol/mL],dataset_I,
748.5326876513318,136.8145105522016,B,O2 conc.B [nmol/mL],dataset_I,
748.9351089588378,136.9174751677915,B,O2 conc.B [nmol/mL],dataset_I,
749.3375302663438,137.4331585139677,B,O2 conc.B [nmol/mL],dataset_I,
749.7399515738499,136.9062832636486,B,O2 conc.B [nmol/mL],dataset_I,
750.142372881356,137.1712011026622,B,O2 conc.B [nmol/mL],dataset_I,
750.544794188862,136.3291173009571,B,O2 conc.B [nmol/mL],dataset_I,
750.947215496368,137.4037556025862,B,O2 conc.B [nmol/mL],dataset_I,
751.3496368038741,136.48027443961,B,O2 conc.B [nmol/mL],dataset_I,
751.7520581113802,137.0143341166527,B,O2 conc.B [nmol/mL],dataset_I,
752.1544794188862,136.311919624658,B,O2 conc.B [nmol/mL],dataset_I,
752.5569007263923,137.2636375686573,B,O2 conc.B [nmol/mL],dataset_I,
752.9593220338984,136.7017446883879,B,O2 conc.B [nmol/mL],dataset_I,
753.3617433414043,137.1409083390936,B,O2 conc.B [nmol/mL],dataset_I,
753.7641646489104,136.8078289569947,B,O2 conc.B [nmol/mL],dataset_I,
754.1665859564165,137.2225562043911,B,O2 conc.B [nmol/mL],dataset_I,
754.5690072639226,136.4585611574396,B,O2 conc.B [nmol/mL],dataset_I,
754.9714285714285,136.7953169260229,B,O2 conc.B [nmol/mL],dataset_I,
755.3738498789346,137.3813883763234,B,O2 conc.B [nmol/mL],dataset_I,
755.7762711864407,136.5153168088181,B,O2 conc.B [nmol/mL],dataset_I,
756.1786924939468,136.7514562055951,B,O2 conc.B [nmol/mL],dataset_I,
756.5811138014528,136.8081363803501,B,O2 conc.B [nmol/mL],dataset_I,
756.9835351089589,137.0004403778814,B,O2 conc.B [nmol/mL],dataset_I,
757.385956416465,137.1799190289007,B,O2 conc.B [nmol/mL],dataset_I,
757.7883777239709,136.9931052690415,B,O2 conc.B [nmol/mL],dataset_I,
758.190799031477,137.2116501461636,B,O2 conc.B [nmol/mL],dataset_I,
758.5932203389831,136.4341737850758,B,O2 conc.B [nmol/mL],dataset_I,
758.9956416464892,136.3005705784093,B,O2 conc.B [nmol/mL],dataset_I,
759.3980629539951,136.3087300171546,B,O2 conc.B [nmol/mL],dataset_I,
759.8004842615012,137.0653116437073,B,O2 conc.B [nmol/mL],dataset_I,
760.2029055690073,136.9847999946839,B,O2 conc.B [nmol/mL],dataset_I,
760.6053268765133,135.9853151833606,B,O2 conc.B [nmol/mL],dataset_I,
761.0077481840194,136.9845673486199,B,O2 conc.B [nmol/mL],dataset_I,
761.4101694915255,136.6987272866635,B,O2 conc.B [nmol/mL],dataset_I,
761.8125907990315,136.1953458634377,B,O2 conc.B [nmol/mL],dataset_I,
762.2150121065375,137.2076879766763,B,O2 conc.B [nmol/mL],dataset_I,
762.6174334140436,136.4875267946924,B,O2 conc.B [nmol/mL],dataset_I,
763.0198547215497,136.511207654228,B,O2 conc.B [nmol/mL],dataset_I,
763.4222760290558,137.0745380661254,B,O2 conc.B [nmol/mL],dataset_I,
763.8246973365617,136.680220239744,B,O2 conc.B [nmol/mL],dataset_I,
764.2271186440678,136.8485468934734,B,O2 conc.B [nmol/mL],dataset_I,
764.6295399515739,136.7217614907606,B,O2 conc.B [nmol/mL],dataset_I,
765.0319612590799,137.1306348711632,B,O2 conc.B [nmol/mL],dataset_I,
765.434382566586,137.0293677874989,B,O2 conc.B [nmol/mL],dataset_I,
765.8368038740921,137.2002626416282,B,O2 conc.B [nmol/mL],dataset_I,
766.239225181598,136.6901842428699,B,O2 conc.B [nmol/mL],dataset_I,
766.6416464891041,137.4144712728811,B,O2 conc.B [nmol/mL],dataset_I,
767.0440677966102,136.425764679151,B,O2 conc.B [nmol/mL],dataset_I,
767.4464891041163,136.7344070697344,B,O2 conc.B [nmol/mL],dataset_I,
767.8489104116223,137.0811434681665,B,O2 conc.B [nmol/mL],dataset_I,
768.2513317191283,137.0658675805473,B,O2 conc.B [nmol/mL],dataset_I,
768.6537530266344,137.242419939642,B,O2 conc.B [nmol/mL],dataset_I,
769.0561743341405,136.9147228873545,B,O2 conc.B [nmol/mL],dataset_I,
769.4585956416465,136.7794156237544,B,O2 conc.B [nmol/mL],dataset_I,
769.8610169491526,136.825175153464,B,O2 conc.B [nmol/mL],dataset_I,
770.2634382566587,136.5191724609727,B,O2 conc.B [nmol/mL],dataset_I,
770.6658595641646,136.2465327076953,B,O2 conc.B [nmol/mL],dataset_I,
771.0682808716707,136.9218751766934,B,O2 conc.B [nmol/mL],dataset_I,
771.4707021791768,136.6271819647966,B,O2 conc.B [nmol/mL],dataset_I,
771.8731234866829,137.2742452123855,B,O2 conc.B [nmol/mL],dataset_I,
772.2755447941889,136.5356527066544,B,O2 conc.B [nmol/mL],dataset_I,
772.6779661016949,136.7582730115976,B,O2 conc.B [nmol/mL],dataset_I,
773.080387409201,137.0905360771234,B,O2 conc.B [nmol/mL],dataset_I,
773.482808716707,136.5212341596704,B,O2 conc.B [nmol/mL],dataset_I,
773.8852300242131,137.3320641603298,B,O2 conc.B [nmol/mL],dataset_I,
774.2876513317192,137.1563830250801,B,O2 conc.B [nmol/mL],dataset_I,
774.6900726392253,136.5480411384009,B,O2 conc.B [nmol/mL],dataset_I,
775.0924939467312,136.8003296393509,B,O2 conc.B [nmol/mL],dataset_I,
775.4949152542373,136.5874981089042,B,O2 conc.B [nmol/mL],dataset_I,
775.8973365617434,136.6483358265873,B,O2 conc.B [nmol/mL],dataset_I,
776.2997578692494,136.8331423541595,B,O2 conc.B [nmol/mL],dataset_I,
776.7021791767555,136.7506792656526,B,O2 conc.B [nmol/mL],dataset_I,
777.1046004842615,137.0765289016477,B,O2 conc.B [nmol/mL],dataset_I,
777.5070217917676,136.9059123300941,B,O2 conc.B [nmol/mL],dataset_I,
777.9094430992736,136.2846945300667,B,O2 conc.B [nmol/mL],dataset_I,
778.3118644067797,136.8612056935495,B,O2 conc.B [nmol/mL],dataset_I,
778.7142857142858,137.0149468896722,B,O2 conc.B [nmol/mL],dataset_I,
779.1167070217919,136.8517506738206,B,O2 conc.B [nmol/mL],dataset_I,
779.5191283292978,136.9195383965567,B,O2 conc.B [nmol/mL],dataset_I,
779.9215496368039,136.5920453921082,B,O2 conc.B [nmol/mL],dataset_I,
780.32397094431,136.6959672687428,B,O2 conc.B [nmol/mL],dataset_I,
780.726392251816,136.9152590104924,B,O2 conc.B [nmol/mL],dataset_I,
781.1288135593221,136.6409473826272,B,O2 conc.B [nmol/mL],dataset_I,
781.5312348668281,136.2871106132804,B,O2 conc.B [nmol/mL],dataset_I,
781.9336561743341,136.2219754848821,B,O2 conc.B [nmol/mL],dataset_I,
782.3360774818402,136.6479953376667,B,O2 conc.B [nmol/mL],dataset_I,
782.7384987893463,136.4657481787073,B,O2 conc.B [nmol/mL],dataset_I,
783.1409200968524,136.8030357620806,B,O2 conc.B [nmol/mL],dataset_I,
783.5433414043584,136.6966566755074,B,O2 conc.B [nmol/mL],dataset_I,
783.9457627118644,136.9395174151717,B,O2 conc.B [nmol/mL],dataset_I,
784.3481840193705,136.8533451342775,B,O2 conc.B [nmol/mL],dataset_I,
784.7506053268766,136.7829286336141,B,O2 conc.B [nmol/mL],dataset_I,
785.1530266343826,137.0399861285566,B,O2 conc.B [nmol/mL],dataset_I,
785.5554479418887,136.9609919918667,B,O2 conc.B [nmol/mL],dataset_I,
785.9578692493947,136.3831026745031,B,O2 conc.B [nmol/mL],dataset_I,
786.3602905569007,136.3155059340852,B,O2 conc.B [nmol/mL],dataset_I,
786.7627118644068,136.8622102470608,B,O2 conc.B [nmol/mL],dataset_I,
787.1651331719129,136.5384190439597,B,O2 conc.B [nmol/mL],dataset_I,
787.567554479419,136.861296444378,B,O2 conc.B [nmol/mL],dataset_I,
787.969975786925,136.4949048590912,B,O2 conc.B [nmol/mL],dataset_I,
788.372397094431,136.9222888109108,B,O2 conc.B [nmol/mL],dataset_I,
788.7748184019371,137.2574453677882,B,O2 conc.B [nmol/mL],dataset_I,
789.1772397094431,136.8533072793675,B,O2 conc.B [nmol/mL],dataset_I,
789.5796610169492,137.4126160897815,B,O2 conc.B [nmol/mL],dataset_I,
789.9820823244552,136.5251403979168,B,O2 conc.B [nmol/mL],dataset_I,
790.3845036319613,137.1608706805295,B,O2 conc.B [nmol/mL],dataset_I,
790.7869249394673,137.1068989160902,B,O2 conc.B [nmol/mL],dataset_I,
791.1893462469734,136.020181454231,B,O2 conc.B [nmol/mL],dataset_I,
791.5917675544795,136.7548388954506,B,O2 conc.B [nmol/mL],dataset_I,
791.9941888619855,136.988612716654,B,O2 conc.B [nmol/mL],dataset_I,
792.3966101694916,137.4691140476687,B,O2 conc.B [nmol/mL],dataset_I,
792.7990314769976,136.6882431842862,B,O2 conc.B [nmol/mL],dataset_I,
793.2014527845037,136.6413937702705,B,O2 conc.B [nmol/mL],dataset_I,
793.6038740920097,136.0310233498752,B,O2 conc.B [nmol/mL],dataset_I,
794.0062953995158,136.6890617530642,B,O2 conc.B [nmol/mL],dataset_I,
794.4087167070218,136.2796743838194,B,O2 conc.B [nmol/mL],dataset_I,
794.8111380145278,136.4513659204262,B,O2 conc.B [nmol/mL],dataset_I,
795.2135593220339,137.1550607142868,B,O2 conc.B [nmol/mL],dataset_I,
795.61598062954,136.900205422492,B,O2 conc.B [nmol/mL],dataset_I,
796.0184019370461,136.6384874229985,B,O2 conc.B [nmol/mL],dataset_I,
796.4208232445521,136.7542425814387,B,O2 conc.B [nmol/mL],dataset_I,
796.8232445520582,137.5859341836809,B,O2 conc.B [nmol/mL],dataset_I,
797.2256658595642,137.2587998718735,B,O2 conc.B [nmol/mL],dataset_I,
797.6280871670702,136.3548749977769,B,O2 conc.B [nmol/mL],dataset_I,
798.0305084745763,137.1713344615589,B,O2 conc.B [nmol/mL],dataset_I,
798.4329297820824,136.6473484445669,B,O2 conc.B [nmol/mL],dataset_I,
798.8353510895884,137.1140608788401,B,O2 conc.B [nmol/mL],dataset_I,
799.2377723970944,136.3947485702593,B,O2 conc.B [nmol/mL],dataset_I,
799.6401937046005,136.7940027509815,B,O2 conc.B [nmol/mL],dataset_I,
800.0426150121066,137.2118646673354,B,O2 conc.B [nmol/mL],dataset_I,
800.4450363196127,136.4571023751718,B,O2 conc.B [nmol/mL],dataset_I,
800.8474576271187,136.5630267225723,B,O2 conc.B [nmol/mL],dataset_I,
801.2498789346248,136.8661472992212,B,O2 conc.B [nmol/mL],dataset_I,
801.6523002421308,136.4522076090975,B,O2 conc.B [nmol/mL],dataset_I,
802.0547215496368,136.9078298595626,B,O2 conc.B [nmol/mL],dataset_I,
802.4571428571429,137.2081368642667,B,O2 conc.B [nmol/mL],dataset_I,
802.859564164649,136.6233270900795,B,O2 conc.B [nmol/mL],dataset_I,
803.261985472155,136.4067430248397,B,O2 conc.B [nmol/mL],dataset_I,
803.664406779661,136.3435845642789,B,O2 conc.B [nmol/mL],dataset_I,
804.0668280871671,136.2203910529646,B,O2 conc.B [nmol/mL],dataset_I,
804.4692493946732,136.7106193312237,B,O2 conc.B [nmol/mL],dataset_I,
804.8716707021792,137.0825019951868,B,O2 conc.B [nmol/mL],dataset_I,
805.2740920096853,136.700110034992,B,O2 conc.B [nmol/mL],dataset_I,
805.6765133171913,136.480155353927,B,O2 conc.B [nmol/mL],dataset_I,
806.0789346246974,137.0702961274874,B,O2 conc.B [nmol/mL],dataset_I,
806.4813559322034,137.1564405146949,B,O2 conc.B [nmol/mL],dataset_I,
806.8837772397095,136.296630049629,B,O2 conc.B [nmol/mL],dataset_I,
807.2861985472156,136.9632183557585,B,O2 conc.B [nmol/mL],dataset_I,
807.6886198547215,137.0364483709067,B,O2 conc.B [nmol/mL],dataset_I,
808.0910411622276,137.1105777009276,B,O2 conc.B [nmol/mL],dataset_I,
808.4934624697337,136.8768233759813,B,O2 conc.B [nmol/mL],dataset_I,
808.8958837772398,136.6877648960783,B,O2 conc.B [nmol/mL],dataset_I,
809.2983050847458,136.5061528863227,B,O2 conc.B [nmol/mL],dataset_I,
809.7007263922519,136.6929341283429,B,O2 conc.B [nmol/mL],dataset_I,
810.1031476997579,137.1126021252833,B,O2 conc.B [nmol/mL],dataset_I,
810.505569007264,136.5310162361893,B,O2 conc.B [nmol/mL],dataset_I,
810.90799031477,137.3285061564611,B,O2 conc.B [nmol/mL],dataset_I,
811.3104116222761,136.6745753253189,B,O2 conc.B [nmol/mL],dataset_I,
811.712832929782,136.9254921952241,B,O2 conc.B [nmol/mL],dataset_I,
812.1152542372881,136.5419696165774,B,O2 conc.B [nmol/mL],dataset_I,
812.5176755447942,136.7607988014321,B,O2 conc.B [nmol/mL],dataset_I,
812.9200968523003,137.1160112558983,B,O2 conc.B [nmol/mL],dataset_I,
813.3225181598064,136.7786352572095,B,O2 conc.B [nmol/mL],dataset_I,
813.7249394673124,137.1063242006256,B,O2 conc.B [nmol/mL],dataset_I,
814.1273607748185,137.6014629097751,B,O2 conc.B [nmol/mL],dataset_I,
814.5297820823245,137.2598797311395,B,O2 conc.B [nmol/mL],dataset_I,
814.9322033898305,136.8330820287726,B,O2 conc.B [nmol/mL],dataset_I,
815.3346246973366,136.6499072050194,B,O2 conc.B [nmol/mL],dataset_I,
815.7370460048427,137.5180273114801,B,O2 conc.B [nmol/mL],dataset_I,
816.1394673123486,136.2723203666296,B,O2 conc.B [nmol/mL],dataset_I,
816.5418886198547,137.3517543722723,B,O2 conc.B [nmol/mL],dataset_I,
816.9443099273608,137.206460315151,B,O2 conc.B [nmol/mL],dataset_I,
817.3467312348669,137.0947613237646,B,O2 conc.B [nmol/mL],dataset_I,
817.7491525423729,137.1537939925809,B,O2 conc.B [nmol/mL],dataset_I,
818.151573849879,137.0415029979602,B,O2 conc.B [nmol/mL],dataset_I,
818.5539951573851,136.35080634137,B,O2 conc.B [nmol/mL],dataset_I,
818.956416464891,136.8178521204808,B,O2 conc.B [nmol/mL],dataset_I,
819.3588377723971,136.8216169546585,B,O2 conc.B [nmol/mL],dataset_I,
819.7612590799032,137.1759341717595,B,O2 conc.B [nmol/mL],dataset_I,
820.1636803874093,137.035700462318,B,O2 conc.B [nmol/mL],dataset_I,
820.5661016949152,136.9613343015688,B,O2 conc.B [nmol/mL],dataset_I,
820.9685230024213,137.4205523803085,B,O2 conc.B [nmol/mL],dataset_I,
821.3709443099274,137.4494365938268,B,O2 conc.B [nmol/mL],dataset_I,
821.7733656174335,136.7657173034856,B,O2 conc.B [nmol/mL],dataset_I,
822.1757869249395,137.0231710094779,B,O2 conc.B [nmol/mL],dataset_I,
822.5782082324456,136.5916371236495,B,O2 conc.B [nmol/mL],dataset_I,
822.9806295399517,137.1179024006778,B,O2 conc.B [nmol/mL],dataset_I,
823.3830508474576,136.5456823645523,B,O2 conc.B [nmol/mL],dataset_I,
823.7854721549637,136.5764774443692,B,O2 conc.B [nmol/mL],dataset_I,
824.1878934624698,136.4424264222887,B,O2 conc.B [nmol/mL],dataset_I,
824.5903147699759,137.1810563135965,B,O2 conc.B [nmol/mL],dataset_I,
824.9927360774818,137.3164932384907,B,O2 conc.B [nmol/mL],dataset_I,
825.3951573849879,137.0979890959919,B,O2 conc.B [nmol/mL],dataset_I,
825.797578692494,136.9918264267174,B,O2 conc.B [nmol/mL],dataset_I,
826.2,136.5611238197861,B,O2 conc.B [nmol/mL],dataset_I,end
