time_s,O2_nmol_per_ml,event
210.0,171.37433255527333,start
211.34328358208955,171.3087730049522,
212.6865671641791,171.50071227899707,
214.02985074626866,171.36554676119337,
215.37313432835822,171.2040263808697,
216.71641791044777,171.42687032493336,
218.05970149253733,171.66090407675858,
219.40298507462686,171.57001017807295,
220.7462686567164,171.15554396695825,
222.08955223880596,171.01326071270933,
223.43283582089552,171.17183463425286,
224.77611940298507,171.3359190625767,
226.11940298507463,170.74215947589732,
227.46268656716418,171.26644205286797,
228.80597014925374,171.0072757704689,
230.1492537313433,171.1331877753098,
231.49253731343285,171.17757375304467,
232.83582089552237,171.2318204859005,
234.17910447761193,171.41089864496382,
235.52238805970148,171.54740631726523,
236.86567164179104,171.1200789145684,
238.2089552238806,171.33181381855883,
239.55223880597015,170.65857271189748,
240.8955223880597,170.7470263485025,
242.23880597014926,170.71924654828248,
243.5820895522388,170.3511065667507,
244.92537313432837,169.97595250008177,
246.26865671641792,169.7656197101797,
247.61194029850748,169.7158433301438,
248.95522388059703,169.71954729774077,
250.2985074626866,169.2463177017395,
251.6417910447761,169.28065208465716,
252.98507462686567,169.12736345664737,
254.32835820895522,169.13660483604835,
255.67164179104478,168.8892819512544,
257.01492537313436,168.7586840788469,
258.35820895522386,168.34060748052397,
259.7014925373134,168.305884955747,
261.04477611940297,168.36850596297717,
262.3880597014925,168.38009361305865,
263.7313432835821,167.52619317501905,
265.07462686567163,168.0536642335295,
266.4179104477612,167.8458758782598,
267.76119402985074,167.5389586049588,
269.1044776119403,167.24396839483543,
270.44776119402985,166.93359751608847,
271.7910447761194,167.21080712307628,
273.13432835820896,167.17059026377402,
274.4776119402985,166.96515813459752,
275.82089552238807,166.67774909078403,
277.1641791044776,166.27254198473463,
278.5074626865672,165.71534095646882,
279.85074626865674,165.8505308137288,
281.1940298507463,165.84998681324737,
282.53731343283584,165.19800144601038,
283.8805970149254,165.45309605946272,
285.22388059701495,165.2960052007579,
286.56716417910445,165.19677369081535,
287.91044776119406,164.56095725090762,
289.25373134328356,164.52578483235942,
290.5970149253732,164.416325396605,
291.94029850746267,164.06720746452177,
293.2835820895522,164.62872364382164,
294.6268656716418,163.90412772551872,
295.97014925373134,163.94457154822064,
297.3134328358209,163.63190973775065,
298.65671641791045,163.92664482719832,
300.0,163.6950905876559,oligomycin
300.5247813411079,163.47366205047672,
301.04956268221576,162.73211230053175,
301.5743440233236,163.27052963819497,
302.0991253644315,163.40555132881727,
302.62390670553935,163.46365402773492,
303.14868804664724,163.03654735973817,
303.6734693877551,163.6250016556664,
304.19825072886294,162.8179055822088,
304.7230320699708,162.96115970024752,
305.2478134110787,163.33883740563627,
305.7725947521866,163.09587344965175,
306.2973760932945,163.56274341219375,
306.82215743440236,163.08781073559012,
307.3469387755102,162.86091816232658,
307.87172011661806,162.90336158026025,
308.39650145772595,162.70350170245845,
308.92128279883383,162.63540397027333,
309.4460641399417,163.0909626684451,
309.97084548104954,163.05718703434104,
310.4956268221574,163.21407106978697,
311.0204081632653,162.6803156981333,
311.5451895043732,163.26977979075048,
312.06997084548107,162.75419178396018,
312.59475218658895,163.19817656498952,
313.1195335276968,162.67491381779806,
313.64431486880466,162.57777524168935,
314.16909620991254,162.80262819320384,
314.6938775510204,162.97658090489912,
315.2186588921283,162.7375058106381,
315.74344023323613,162.5294069936048,
316.268221574344,162.319020053656,
316.7930029154519,162.2824807107587,
317.3177842565598,162.7370672595306,
317.84256559766766,162.83736058859785,
318.3673469387755,162.5273944656378,
318.89212827988337,162.2784126827598,
319.41690962099125,162.74380021930511,
319.94169096209913,162.18397697895983,
320.466472303207,162.30434422531775,
320.99125364431484,162.61640149623076,
321.5160349854227,161.87714752347068,
322.0408163265306,162.51481100057086,
322.5655976676385,162.25134417626484,
323.09037900874637,162.40261009363903,
323.61516034985425,162.33490057114565,
324.1399416909621,162.38289033435208,
324.66472303206996,162.48444050340623,
325.18950437317784,162.09984086507927,
325.7142857142857,162.62321459189357,
326.2390670553936,162.4280283170058,
326.76384839650143,162.43597381874676,
327.2886297376093,162.49479243185453,
327.8134110787172,162.3790092754519,
328.3381924198251,162.3716676736694,
328.86297376093296,162.15808218979453,
329.38775510204084,161.7610261080687,
329.91253644314867,162.06249407965774,
330.43731778425655,161.88241247833272,
330.96209912536443,161.69764147998728,
331.4868804664723,162.09647590360711,
332.01166180758014,161.8682611261202,
332.536443148688,161.73148316393835,
333.0612244897959,161.70671978721936,
333.5860058309038,162.01311011097127,
334.11078717201167,162.01420961213466,
334.63556851311955,162.23369177606224,
335.16034985422743,161.87813452523608,
335.68513119533526,162.12060891588712,
336.20991253644314,162.18925096673334,
336.734693877551,162.10476195304446,
337.2594752186589,161.20443035140792,
337.78425655976673,162.08146304174366,
338.3090379008746,161.8377328979575,
338.8338192419825,161.83730651803862,
339.3586005830904,161.8027063181565,
339.88338192419826,161.78412453764346,
340.40816326530614,161.74682458643656,
340.93294460641397,161.55577848796818,
341.45772594752185,161.1486337741565,
341.98250728862973,161.57534970032538,
342.5072886297376,161.38018120362835,
343.0320699708455,161.82969080272824,
343.5568513119533,161.46599410693054,
344.0816326530612,161.537590356292,
344.6064139941691,161.2828558121986,
345.13119533527697,161.3461374679623,
345.65597667638485,161.44944560335054,
346.18075801749274,161.05952085654118,
346.70553935860056,161.484571715015,
347.23032069970844,161.36141815691292,
347.7551020408163,161.07004205285628,
348.2798833819242,160.74544957158997,
348.80466472303203,161.4518066052404,
349.3294460641399,161.2276833458647,
349.8542274052478,161.14811303615213,
350.3790087463557,161.2001122658561,
350.90379008746356,161.69180569240976,
351.42857142857144,161.20377224880312,
351.9533527696793,161.21641309070327,
352.47813411078715,160.80152584143596,
353.00291545189503,161.56366460935433,
353.5276967930029,161.3597376225498,
354.0524781341108,161.37563512737776,
354.5772594752186,161.0993553773828,
355.1020408163265,161.29513667575648,
355.6268221574344,161.13724547131292,
356.1516034985423,161.17634181601315,
356.67638483965015,160.96353209091686,
357.20116618075804,160.61164412748474,
357.72594752186586,161.2158654854284,
358.25072886297374,160.45344777331334,
358.7755102040816,160.8557392986449,
359.3002915451895,160.84312862835807,
359.8250728862974,160.61207999921498,
360.3498542274052,161.00461160255244,
360.8746355685131,160.7797841771267,
361.399416909621,160.69918530509355,
361.92419825072886,160.91689860325346,
362.44897959183675,160.64632919438745,
362.97376093294463,161.09125473225575,
363.49854227405245,160.81040929162995,
364.02332361516034,160.58249805991676,
364.5481049562682,160.19355084667578,
365.0728862973761,160.33121457549805,
365.5976676384839,160.90839635497085,
366.1224489795918,160.60257342706038,
366.6472303206997,160.52297896048165,
367.1720116618076,160.9831089145292,
367.69679300291546,160.2301694840205,
368.22157434402334,160.38295312915238,
368.7463556851312,160.38975644399991,
369.27113702623905,160.633023467652,
369.7959183673469,160.29909113177538,
370.3206997084548,160.29015625333517,
370.8454810495627,160.0207591504135,
371.3702623906705,160.582919634791,
371.8950437317784,160.58065290757241,
372.4198250728863,160.23855966525576,
372.94460641399417,160.37702462265892,
373.46938775510205,159.99156388975618,
373.99416909620993,160.17530791593805,
374.5189504373178,160.61628472698573,
375.04373177842564,160.28426545650822,
375.5685131195335,160.80645942888103,
376.0932944606414,160.0106061558376,
376.6180758017492,160.33101122975674,
377.1428571428571,160.11559945282,
377.667638483965,160.2844661556916,
378.1924198250729,160.1197446382797,
378.71720116618076,159.95978373480528,
379.24198250728864,159.8617148555435,
379.7667638483965,160.82366401560563,
380.29154518950435,160.01635435013472,
380.81632653061223,159.5100612267325,
381.3411078717201,159.83061203154264,
381.865889212828,160.14080789952948,
382.3906705539358,159.8248316436846,
382.9154518950437,160.26848108683652,
383.4402332361516,160.15750488866254,
383.96501457725947,159.84735644573365,
384.48979591836735,159.74592290323542,
385.01457725947523,159.59131242141376,
385.5393586005831,159.64605682183486,
386.06413994169094,159.4312984729905,
386.5889212827988,160.07921909878482,
387.1137026239067,160.1543310069286,
387.6384839650146,159.42115707696132,
388.1632653061224,159.41830663471836,
388.6880466472303,159.25013519861537,
389.2128279883382,159.42983538945128,
389.73760932944606,158.87275053106086,
390.26239067055394,159.34230077647092,
390.7871720116618,159.93063514982595,
391.3119533527697,159.49852395175623,
391.83673469387753,159.77712392708165,
392.3615160349854,159.419771386653,
392.8862973760933,159.96071626110606,
393.4110787172011,159.5488897168545,
393.935860058309,159.38212043230712,
394.4606413994169,160.09426279598816,
394.98542274052477,159.35357460992216,
395.51020408163265,159.1079225209152,
396.03498542274053,159.4422416431951,
396.5597667638484,159.36059116742896,
397.08454810495624,159.61541684972855,
397.6093294460641,159.09696301468605,
398.134110787172,159.50708651305897,
398.6588921282799,159.49763018221626,
399.1836734693877,159.0960570259775,
399.7084548104956,159.2823256347856,
400.2332361516035,159.0123624285399,
400.75801749271136,159.7850382206172,
401.28279883381924,159.00108709599544,
401.8075801749271,159.0423891600617,
402.332361516035,158.86773404990637,
402.85714285714283,159.02619902102714,
403.3819241982507,159.08979611757428,
403.9067055393586,159.26174819251767,
404.4314868804665,158.89571503160286,
404.9562682215743,158.98042898789404,
405.4810495626822,158.65128592040585,
406.00583090379007,158.7770934897701,
406.53061224489795,159.65143172048764,
407.05539358600583,159.20132641330417,
407.5801749271137,158.7241953894277,
408.1049562682216,158.56373787393625,
408.6297376093294,158.6327272611444,
409.1545189504373,158.84973603839663,
409.6793002915452,158.84237648485026,
410.204081632653,158.62614017201784,
410.7288629737609,158.46912249006087,
411.2536443148688,159.12489651755678,
411.77842565597666,158.86075903857244,
412.30320699708454,158.63273145536527,
412.8279883381924,158.64974394281646,
413.3527696793003,158.55106241450684,
413.87755102040813,157.92796945230631,
414.402332361516,158.66943205511063,
414.9271137026239,158.35141628044497,
415.4518950437318,158.34691709264663,
415.9766763848396,158.41605835059767,
416.5014577259475,158.737735165168,
417.02623906705537,158.24056281893763,
417.55102040816325,158.15316094067484,
418.07580174927114,158.65023010894473,
418.600583090379,158.65739510087772,
419.1253644314869,158.2076052323509,
419.6501457725947,158.5664738632097,
420.1749271137026,158.33150212087506,
420.6997084548105,158.45826905721472,
421.2244897959184,158.04624172766287,
421.7492711370262,158.5482411946277,
422.2740524781341,158.61936810543023,
422.79883381924196,158.45635746042652,
423.32361516034985,158.41520992656802,
423.8483965014577,157.31109193174316,
424.3731778425656,158.2978539426755,
424.8979591836735,158.2048709608759,
425.4227405247813,158.15300669798305,
425.9475218658892,158.01065936185284,
426.4723032069971,158.16068088773028,
426.9970845481049,158.2284047799457,
427.5218658892128,158.0379641731955,
428.0466472303207,157.96661596307558,
428.57142857142856,158.3684212354157,
429.09620991253644,157.76317679054674,
429.6209912536443,158.27559315150853,
430.1457725947522,158.04079325267907,
430.6705539358601,157.77404951012514,
431.1953352769679,157.8811662321331,
431.7201166180758,157.70219909015745,
432.2448979591837,158.07949940517832,
432.7696793002915,157.97624450078945,
433.2944606413994,157.7286058012348,
433.81924198250726,157.57078605499123,
434.34402332361515,157.90030543786713,
434.86880466472303,158.0427586009448,
435.3935860058309,157.75348889663678,
435.9183673469388,157.8650718939579,
436.4431486880466,157.6450127658569,
436.9679300291545,157.73444763976084,
437.4927113702624,157.6232703951797,
438.0174927113702,157.7481374435469,
438.5422740524781,157.27571956432467,
439.067055393586,157.79274610816697,
439.59183673469386,157.55275114176004,
440.11661807580174,157.67842206387002,
440.6413994169096,157.4822282998934,
441.1661807580175,157.62593191391116,
441.6909620991254,157.25623670034858,
442.2157434402332,157.80020178932156,
442.7405247813411,157.05556282411416,
443.265306122449,157.20017505215665,
443.7900874635568,157.49743705806952,
444.3148688046647,157.78276689681925,
444.83965014577257,157.46512368581898,
445.36443148688045,157.3121507813964,
445.88921282798833,156.99639114425997,
446.4139941690962,157.28338029882318,
446.9387755102041,157.30476599703545,
447.463556851312,157.7109131960015,
447.9883381924198,157.42233812494413,
448.5131195335277,156.86306938569197,
449.03790087463557,157.73057316312168,
449.5626822157434,157.1036617053283,
450.0874635568513,156.9610850304244,
450.61224489795916,157.5281914070251,
451.13702623906704,157.12558258883743,
451.6618075801749,157.02470666398074,
452.1865889212828,157.1497895959781,
452.7113702623907,157.2848510787626,
453.2361516034985,157.30049871971082,
453.7609329446064,156.68689985352032,
454.2857142857143,157.50885660604197,
454.8104956268221,157.22448742041882,
455.33527696793,156.8715075428679,
455.86005830903787,156.7401786304475,
456.38483965014575,156.68112627060032,
456.90962099125363,156.93275977265134,
457.4344023323615,156.7184468746827,
457.9591836734694,156.66776824188665,
458.4839650145773,157.04033611942728,
459.0087463556851,156.90720013913744,
459.533527696793,156.69595127356928,
460.05830903790087,156.9566917722213,
460.5830903790087,157.09351031475651,
461.1078717201166,156.45657736503318,
461.63265306122446,156.55791425717098,
462.15743440233234,156.92292847328284,
462.6822157434402,156.84554393970834,
463.2069970845481,156.70101929739616,
463.731778425656,156.9134856652138,
464.25655976676387,156.32936322108736,
464.7813411078717,156.21016747997263,
465.3061224489796,156.34186088414992,
465.83090379008746,156.56765953241225,
466.3556851311953,156.316537599819,
466.88046647230317,156.37229053955653,
467.40524781341105,156.22888083396307,
467.93002915451893,156.2960593626704,
468.4548104956268,156.1785056291573,
468.9795918367347,156.5001047704338,
469.5043731778426,156.5854967710905,
470.0291545189504,156.24519830431785,
470.5539358600583,156.29202912543786,
471.07871720116617,156.17712321629108,
471.603498542274,156.43372994844714,
472.1282798833819,156.3017169393473,
472.65306122448976,156.6565279398769,
473.17784256559764,155.9626564907682,
473.7026239067055,156.30568590986604,
474.2274052478134,156.30459392012608,
474.7521865889213,156.08202181261822,
475.2769679300292,156.29655117236862,
475.801749271137,155.7695727634377,
476.3265306122449,156.6374399685355,
476.85131195335276,155.75076388270477,
477.3760932944606,156.29476259634635,
477.90087463556847,155.7630658966544,
478.42565597667635,156.30960310938667,
478.95043731778424,155.90422463012146,
479.4752186588921,156.01855964876464,
480.0,155.9708256461066,FCCP_1
480.3498542274053,156.21301206804546,
480.6997084548105,155.83168017436392,
481.04956268221576,155.14183422358948,
481.399416909621,155.66394754822556,
481.74927113702626,155.86964720657818,
482.0991253644315,155.68308849302775,
482.44897959183675,155.9550196443075,
482.79883381924196,155.98569483698623,
483.14868804664724,155.66419037539075,
483.49854227405245,155.29797878168668,
483.8483965014577,155.9856818533011,
484.19825072886294,155.87965139613368,
484.5481049562682,155.50333625713404,
484.8979591836735,156.07445149491707,
485.2478134110787,155.429405560491,
485.597667638484,155.20158937703584,
485.9475218658892,155.41614576342283,
486.2973760932945,155.6938173335006,
486.6472303206997,155.15924030959619,
486.99708454810497,155.85065469662095,
487.3469387755102,155.10796162722855,
487.69679300291546,155.5399435025273,
488.0466472303207,155.40669827967187,
488.39650145772595,155.20131317351493,
488.7463556851312,155.47920543590277,
489.09620991253644,154.80336724670116,
489.4460641399417,155.48695464353102,
489.7959183673469,155.1008854424298,
490.1457725947522,154.9504423900362,
490.4956268221574,155.24258946745104,
490.8454810495627,155.28951546178567,
491.1953352769679,155.18623431894514,
491.5451895043732,155.46290616941238,
491.8950437317784,155.2024564859841,
492.2448979591837,155.22239637785563,
492.59475218658895,154.73579848819386,
492.94460641399417,154.86664016944954,
493.29446064139944,154.94999962341993,
493.64431486880466,154.7740631712758,
493.99416909620993,154.82315229132914,
494.34402332361515,154.82351442737703,
494.6938775510204,154.89729396807678,
495.04373177842564,154.63007551878235,
495.3935860058309,154.53727269045083,
495.74344023323613,154.38688833457405,
496.0932944606414,154.34027891842746,
496.4431486880467,154.82556955963992,
496.7930029154519,154.48057113364848,
497.14285714285717,154.66768235377293,
497.4927113702624,154.1158500497713,
497.84256559766766,153.92489373727346,
498.1924198250729,154.11640770939917,
498.54227405247815,154.6345820119557,
498.89212827988337,154.58418938297888,
499.24198250728864,154.36942442793946,
499.59183673469386,154.0551169914054,
499.94169096209913,154.19220362153615,
500.29154518950435,154.1197089149734,
500.6413994169096,154.07715045140804,
500.99125364431484,153.506121081625,
501.3411078717201,153.88740169749866,
501.6909620991254,154.02360082889857,
502.0408163265306,154.41947974961573,
502.3906705539359,154.04980332128926,
502.7405247813411,154.32908438241563,
503.09037900874637,153.84968033800365,
503.4402332361516,153.85417967422518,
503.79008746355686,152.91174114136714,
504.1399416909621,153.97167391302608,
504.48979591836735,153.96185999790274,
504.83965014577257,154.23527060430135,
505.18950437317784,153.64188528855692,
505.5393586005831,153.75635888464797,
505.88921282798833,153.52568311126203,
506.2390670553936,153.37724558805584,
506.5889212827988,153.46227761694527,
506.9387755102041,153.52354973195165,
507.2886297376093,153.91790362448415,
507.6384839650146,153.54884177230366,
507.9883381924198,153.31989742358695,
508.3381924198251,153.52224783740792,
508.6880466472303,153.5104159735811,
509.03790087463557,153.25620987504095,
509.38775510204084,153.68032105003567,
509.73760932944606,152.89167017497772,
510.08746355685133,153.27961599504474,
510.43731778425655,153.46851342281641,
510.7871720116618,152.93688353088345,
511.13702623906704,153.3310498522571,
511.4868804664723,153.53320443198834,
511.83673469387753,153.29264373984773,
512.1865889212828,152.72593069238283,
512.536443148688,152.93566667561186,
512.8862973760934,153.39503603744035,
513.2361516034986,153.1307887524242,
513.5860058309038,153.02298496087897,
513.935860058309,153.10499459852394,
514.2857142857143,153.14420144169011,
514.6355685131196,152.75606764938274,
514.9854227405248,152.82982869285763,
515.33527696793,152.90740187963618,
515.6851311953353,152.7049287911162,
516.0349854227405,152.77680008627235,
516.3848396501458,153.10387567054576,
516.734693877551,152.50669751842085,
517.0845481049563,153.19956291622123,
517.4344023323615,153.15697808762656,
517.7842565597667,152.22802688813357,
518.1341107871721,152.59037583568997,
518.4839650145773,152.68054914872326,
518.8338192419825,152.37390323877884,
519.1836734693877,152.34809563907785,
519.533527696793,152.443256595159,
519.8833819241983,152.65664979546412,
520.2332361516035,152.31326656829307,
520.5830903790087,152.86701823527846,
520.932944606414,152.45208303730166,
521.2827988338192,152.3231904700398,
521.6326530612245,152.6803939666871,
521.9825072886297,152.4438940985129,
522.332361516035,152.3488902480133,
522.6822157434402,152.14302821274265,
523.0320699708454,152.64855446625182,
523.3819241982508,152.3672582145572,
523.731778425656,152.08269473747964,
524.0816326530612,151.70849253813873,
524.4314868804664,152.1652749655935,
524.7813411078718,151.7553468114712,
525.131195335277,151.58154010090064,
525.4810495626822,151.90998346681687,
525.8309037900874,152.0193838731751,
526.1807580174927,152.23888116029178,
526.530612244898,151.9581185625359,
526.8804664723032,152.0582552423509,
527.2303206997085,151.519524438596,
527.5801749271137,151.7896068248785,
527.9300291545189,151.79553745341514,
528.2798833819242,151.9492909240876,
528.6297376093295,151.73198930063393,
528.9795918367347,151.87323862614974,
529.3294460641399,151.5154138290191,
529.6793002915451,151.7001971218603,
530.0291545189505,151.6836697499642,
530.3790087463557,151.2367539728475,
530.7288629737609,151.5623273154797,
531.0787172011662,151.40759678094352,
531.4285714285714,150.98091017987096,
531.7784256559767,151.66577859140392,
532.1282798833819,151.3049570056361,
532.4781341107872,151.1515689155243,
532.8279883381924,151.23958199847593,
533.1778425655976,151.33770601453006,
533.5276967930029,151.64937806417336,
533.8775510204082,151.20016214667862,
534.2274052478134,151.3289920760134,
534.5772594752186,151.5235298003418,
534.927113702624,151.2827673432794,
535.2769679300292,151.38576550415925,
535.6268221574344,150.96874175441042,
535.9766763848396,151.24987630511026,
536.3265306122449,151.0118647278179,
536.6763848396502,151.26420629155123,
537.0262390670554,150.71395834352452,
537.3760932944606,150.73920355255547,
537.7259475218659,151.2205206383861,
538.0758017492711,150.823561506411,
538.4256559766764,150.75208709222085,
538.7755102040817,150.83046511307808,
539.1253644314869,150.60794239875847,
539.4752186588921,151.08254686092874,
539.8250728862973,150.40651561157654,
540.1749271137027,150.65040153060482,
540.5247813411079,150.7440339823199,
540.8746355685131,150.6004287743271,
541.2244897959183,150.39521341095116,
541.5743440233236,150.3479327538044,
541.9241982507289,150.64062341514716,
542.2740524781341,150.24589945184968,
542.6239067055394,150.6343249965195,
542.9737609329446,150.06097198487882,
543.3236151603498,150.27250805731038,
543.6734693877551,150.3895750927814,
544.0233236151604,150.03670535702722,
544.3731778425656,150.4819908144694,
544.7230320699708,150.2835981509598,
545.072886297376,149.9984591895892,
545.4227405247814,149.84700030824837,
545.7725947521866,149.8045697785422,
546.1224489795918,150.17797036336736,
546.4723032069971,149.84524910601755,
546.8221574344024,149.76248148830047,
547.1720116618076,150.01513966030993,
547.5218658892128,150.61156603109566,
547.8717201166181,150.08082074589018,
548.2215743440233,150.17141011965637,
548.5714285714286,150.00310475354777,
548.9212827988338,150.11491546420717,
549.2711370262391,149.55264251576315,
549.6209912536443,149.75003144153067,
549.9708454810495,149.89224190118074,
550.3206997084549,149.7916697414639,
550.6705539358601,149.71739539614902,
551.0204081632653,149.5681694369407,
551.3702623906705,149.6392874368998,
551.7201166180757,149.47957851230242,
552.0699708454811,149.03691447025972,
552.4198250728863,149.31299036924767,
552.7696793002915,149.69977547009208,
553.1195335276968,149.93937647999076,
553.469387755102,149.97274678960318,
553.8192419825073,149.51278443839385,
554.1690962099126,149.6811871640321,
554.5189504373178,149.65408049154817,
554.868804664723,149.22326597360288,
555.2186588921282,148.94109056765413,
555.5685131195335,149.34254211080741,
555.9183673469388,148.86351478735796,
556.268221574344,149.19332738912877,
556.6180758017492,149.39458381976422,
556.9679300291546,148.8567819317413,
557.3177842565598,149.18911790544863,
557.667638483965,149.4602933439924,
558.0174927113702,149.20991168936976,
558.3673469387755,149.21935875175134,
558.7172011661808,149.2847081857175,
559.067055393586,149.46050860599553,
559.4169096209912,149.03436836409296,
559.7667638483965,149.27313256471982,
560.1166180758017,148.91895980097658,
560.466472303207,148.76770465690197,
560.8163265306123,148.95219685886414,
561.1661807580175,148.69128316016125,
561.5160349854227,148.6686988239169,
561.8658892128279,148.6292907259474,
562.2157434402333,148.17661459037407,
562.5655976676385,148.74609026437193,
562.9154518950437,148.37300131100733,
563.2653061224489,148.6313876261885,
563.6151603498542,148.98994185717618,
563.9650145772595,148.46644433697756,
564.3148688046647,148.4304368838419,
564.66472303207,148.87616127527863,
565.0145772594752,148.6410051262187,
565.3644314868804,148.71780521489018,
565.7142857142857,148.35409538775465,
566.064139941691,148.59918375516855,
566.4139941690962,148.20986556036104,
566.7638483965014,148.18165203194417,
567.1137026239066,148.46895828860028,
567.463556851312,148.13954868193025,
567.8134110787172,148.45016636625883,
568.1632653061224,148.82555262000454,
568.5131195335277,147.77533810760983,
568.862973760933,147.97806990351575,
569.2128279883382,148.4154022987061,
569.5626822157434,148.06834096657155,
569.9125364431487,148.36412772709238,
570.2623906705539,147.79058395206042,
570.6122448979592,148.09518082049505,
570.9620991253644,147.94395045228674,
571.3119533527697,147.98592696816021,
571.6618075801749,148.0028580479051,
572.0116618075801,147.5843222081767,
572.3615160349855,147.59003418320026,
572.7113702623907,148.17762431196334,
573.0612244897959,147.87036149383414,
573.4110787172011,147.79288940487646,
573.7609329446065,147.7245288966843,
574.1107871720117,147.7939279577136,
574.4606413994169,147.38505290388514,
574.8104956268221,147.39352501146206,
575.1603498542274,147.9386536619369,
575.5102040816327,147.61959016129651,
575.8600583090379,147.76359132994764,
576.2099125364432,147.3688448655032,
576.5597667638484,147.8336869680261,
576.9096209912536,147.54506997998755,
577.2594752186588,147.54830658920204,
577.6093294460642,147.53442222456172,
577.9591836734694,147.16723233606797,
578.3090379008746,146.86929918584764,
578.6588921282798,147.03627349071303,
579.0087463556852,147.68184962763755,
579.3586005830904,147.56863466170114,
579.7084548104956,147.1259780829566,
580.0583090379009,147.10653409907263,
580.4081632653061,147.41034940640787,
580.7580174927114,147.07834022517775,
581.1078717201166,146.7648724821007,
581.4577259475219,147.3753179790497,
581.8075801749271,147.14747160664638,
582.1574344023323,146.36833678968424,
582.5072886297376,146.8883689483199,
582.8571428571429,146.9718287817907,
583.2069970845481,147.02546769400155,
583.5568513119533,146.912438540832,
583.9067055393587,146.6847100504604,
584.2565597667639,146.78395049503106,
584.6064139941691,146.8558350917917,
584.9562682215743,146.68437874716955,
585.3061224489796,146.62764934491375,
585.6559766763849,147.00289026577371,
586.0058309037901,146.42246211605746,
586.3556851311953,146.54099292586454,
586.7055393586006,146.089786296647,
587.0553935860058,146.70209079703935,
587.405247813411,146.74315917740546,
587.7551020408164,146.64245952686014,
588.1049562682216,146.70400069684354,
588.4548104956268,146.55400401743637,
588.804664723032,146.49870093525107,
589.1545189504373,146.50080361052696,
589.5043731778426,146.28473449205885,
589.8542274052478,146.61788832196353,
590.204081632653,146.20290809632812,
590.5539358600583,145.8937078875601,
590.9037900874636,146.44098652852077,
591.2536443148688,146.66046107637126,
591.6034985422741,145.92699235782794,
591.9533527696793,146.11086711152424,
592.3032069970845,145.9341591475419,
592.6530612244898,145.97961859403867,
593.002915451895,146.0555324058646,
593.3527696793003,145.70280180607352,
593.7026239067055,145.9130852578011,
594.0524781341107,145.58525158540067,
594.4023323615161,145.77893127892304,
594.7521865889213,145.59371553132397,
595.1020408163265,145.5947125263677,
595.4518950437317,145.3987447874803,
595.801749271137,146.10280586124503,
596.1516034985423,145.89447674167988,
596.5014577259475,145.25709071612968,
596.8513119533527,145.5564945850104,
597.201166180758,145.50733659007514,
597.5510204081633,145.47145496453732,
597.9008746355685,145.25171487496888,
598.2507288629738,145.77127693997866,
598.600583090379,145.4529593197881,
598.9504373177842,145.63820725007756,
599.3002915451895,145.62210372055097,
599.6501457725948,145.80352086373952,
600.0,144.97518622296084,FCCP_2
600.1749271137027,145.84810066037193,
600.3498542274052,145.71507996359574,
600.5247813411079,145.5254866480045,
600.6997084548105,145.96240588342,
600.8746355685131,145.40200156304377,
601.0495626822158,145.5403492573373,
601.2244897959183,145.13458046636836,
601.399416909621,145.58696527816898,
601.5743440233236,145.32951582512584,
601.7492711370262,145.1589368208269,
601.9241982507289,145.785145146319,
602.0991253644315,145.16388115297042,
602.2740524781341,145.22646522055746,
602.4489795918367,145.15909741111224,
602.6239067055394,145.003666292593,
602.798833819242,145.3095681293831,
602.9737609329446,145.34551801491756,
603.1486880466472,145.23367403775634,
603.3236151603498,144.53910143120996,
603.4985422740525,145.36541020357356,
603.6734693877551,145.01001622774965,
603.8483965014577,144.7776597604287,
604.0233236151604,145.21672560763815,
604.198250728863,145.19078244639007,
604.3731778425656,144.77346636786444,
604.5481049562683,145.6365084013941,
604.7230320699708,144.7001575245177,
604.8979591836735,144.55347815873586,
605.072886297376,144.68235064829574,
605.2478134110787,145.31025813141548,
605.4227405247814,144.89525865318998,
605.5976676384839,144.83037332452264,
605.7725947521866,144.8920127266905,
605.9475218658893,144.7425633397763,
606.1224489795918,144.70331562263348,
606.2973760932945,144.69974226159826,
606.4723032069971,145.02119967478373,
606.6472303206997,145.08348942398342,
606.8221574344024,144.54876697077495,
606.9970845481049,144.85651176307738,
607.1720116618076,144.9779212396045,
607.3469387755102,144.49459610132672,
607.5218658892128,144.62355709967804,
607.6967930029155,144.4738473661778,
607.8717201166181,144.39477093020005,
608.0466472303207,144.7271584425079,
608.2215743440233,144.50182429202277,
608.3965014577259,144.8278043165613,
608.5714285714286,144.64683122299718,
608.7463556851312,144.74150820184795,
608.9212827988338,144.54944529430202,
609.0962099125364,144.44793133622937,
609.2711370262391,144.5681770575165,
609.4460641399417,144.57376096812285,
609.6209912536443,144.38271078644453,
609.795918367347,144.64998818320896,
609.9708454810495,144.71415269275246,
610.1457725947522,144.551189314405,
610.3206997084549,144.92420601988945,
610.4956268221574,144.3219132050481,
610.6705539358601,144.59431172170835,
610.8454810495626,144.3461435767191,
611.0204081632653,144.49114931245492,
611.195335276968,144.20916926131233,
611.3702623906705,144.67960210020328,
611.5451895043732,144.42899114193358,
611.7201166180758,144.6672116999932,
611.8950437317784,144.03679134046854,
612.0699708454811,144.21410109191334,
612.2448979591836,144.09850310364294,
612.4198250728863,144.1728237468439,
612.594752186589,144.11682144827557,
612.7696793002915,144.24400329835183,
612.9446064139942,144.2539914052852,
613.1195335276968,144.2322216342739,
613.2944606413994,144.08775154123384,
613.469387755102,144.2576534631761,
613.6443148688047,144.41386570160256,
613.8192419825073,143.95355759515786,
613.9941690962099,144.16351330175567,
614.1690962099125,144.1289380819716,
614.3440233236151,144.24870912215107,
614.5189504373178,144.09982047681862,
614.6938775510204,144.09603358152748,
614.868804664723,143.83634049627995,
615.0437317784257,144.07370506100884,
615.2186588921282,143.8219726383217,
615.3935860058309,144.1655344820853,
615.5685131195336,143.99496834586506,
615.7434402332361,144.01490234322694,
615.9183673469388,143.76630480643092,
616.0932944606413,144.17420645256226,
616.268221574344,144.13051019417588,
616.4431486880467,144.15697735856338,
616.6180758017492,144.48260755587904,
616.7930029154519,143.89679584941834,
616.9679300291546,144.19494106327505,
617.1428571428571,143.84729806203876,
617.3177842565598,143.96094149691606,
617.4927113702624,143.93791868915957,
617.667638483965,143.8968969323849,
617.8425655976677,143.97947769545246,
618.0174927113702,143.72309421500225,
618.1924198250729,143.79347603973417,
618.3673469387755,143.9012350405141,
618.5422740524781,144.18853576307595,
618.7172011661808,143.52514778021347,
618.8921282798834,143.26836845176163,
619.067055393586,143.58304489347438,
619.2419825072886,143.71071303391642,
619.4169096209913,143.71613985838837,
619.5918367346939,143.67961469095692,
619.7667638483965,143.93642243460957,
619.9416909620991,143.86890201157263,
620.1166180758017,143.596737246583,
620.2915451895044,143.47583210158464,
620.466472303207,143.49088132138687,
620.6413994169096,143.47247216295497,
620.8163265306123,143.48931299222022,
620.9912536443148,143.13671487977695,
621.1661807580175,143.39878199374664,
621.3411078717202,143.39198683383725,
621.5160349854227,143.43515140225037,
621.6909620991254,143.4029611550934,
621.8658892128279,143.61870260313916,
622.0408163265306,143.30187963828587,
622.2157434402333,143.30938571147405,
622.3906705539358,143.53867948503958,
622.5655976676385,143.32853074420876,
622.7405247813412,143.42563779713345,
622.9154518950437,143.52302269954322,
623.0903790087464,143.44534580818578,
623.265306122449,143.38655870602932,
623.4402332361516,143.2590723641613,
623.6151603498542,143.46282093890554,
623.7900874635568,143.32039955800545,
623.9650145772595,143.13446354448567,
624.1399416909621,143.20713909506833,
624.3148688046647,142.92447370705943,
624.4897959183673,142.9727817174303,
624.66472303207,142.72660836135444,
624.8396501457726,143.01151718473443,
625.0145772594752,143.49955104513597,
625.1895043731779,143.01070713932717,
625.3644314868804,143.3308792132034,
625.5393586005831,143.11729620497937,
625.7142857142857,142.92718612237465,
625.8892128279883,143.42105786654707,
626.064139941691,143.21620410953105,
626.2390670553935,142.61686716569554,
626.4139941690962,143.29933251617143,
626.5889212827989,142.75444875238225,
626.7638483965014,142.9628327991101,
626.9387755102041,143.15850430074872,
627.1137026239066,142.90067731475432,
627.2886297376093,143.23954127838908,
627.463556851312,143.13428586419812,
627.6384839650145,142.53391568103746,
627.8134110787172,142.79419070414446,
627.9883381924199,142.96698233615635,
628.1632653061224,142.73687889213716,
628.3381924198251,142.8107240955149,
628.5131195335277,143.04890410951853,
628.6880466472303,142.91231786795757,
628.862973760933,142.5871324421178,
629.0379008746356,142.8451034528691,
629.2128279883382,142.63254911138168,
629.3877551020408,142.4659830899848,
629.5626822157434,142.47143187692865,
629.7376093294461,142.80984938334595,
629.9125364431487,142.71524673221822,
630.0874635568513,142.70779777050643,
630.2623906705539,142.4040522160533,
630.4373177842566,142.6287867501834,
630.6122448979592,142.39964189540632,
630.7871720116618,142.4114999986195,
630.9620991253644,142.58598142748554,
631.137026239067,142.26558016352934,
631.3119533527697,142.76290925263186,
631.4868804664723,143.20147780854327,
631.6618075801749,142.6786275676871,
631.8367346938776,142.28736063035922,
632.0116618075801,142.46445469626823,
632.1865889212828,142.12755624861293,
632.3615160349855,142.40617629889215,
632.536443148688,142.61157353781863,
632.7113702623907,142.6162559051881,
632.8862973760934,142.19513868489682,
633.0612244897959,142.51202544645722,
633.2361516034986,142.71050569906535,
633.4110787172011,142.84434124882154,
633.5860058309038,142.21453429160925,
633.7609329446065,142.15784766900558,
633.935860058309,142.37166629905133,
634.1107871720117,141.6102044483793,
634.2857142857143,142.19363315098823,
634.4606413994169,142.2428125687068,
634.6355685131196,142.17988547391354,
634.8104956268221,141.882917323525,
634.9854227405248,142.20166251340513,
635.1603498542274,142.05306279509983,
635.33527696793,142.42075037450888,
635.5102040816327,141.98592556532364,
635.6851311953353,142.1291226470283,
635.8600583090379,142.12563660798264,
636.0349854227405,142.30993110439135,
636.2099125364432,141.51572675877105,
636.3848396501458,142.05121133472025,
636.5597667638484,142.31043601579867,
636.734693877551,142.014274828989,
636.9096209912536,141.70712730651837,
637.0845481049563,142.1546757510854,
637.2594752186588,142.14136259432865,
637.4344023323615,141.97373317961123,
637.6093294460642,141.7355712606147,
637.7842565597667,141.8245160608973,
637.9591836734694,141.91541037989077,
638.1341107871721,141.75913095303545,
638.3090379008746,141.48213423974127,
638.4839650145773,141.75402178695552,
638.6588921282798,141.91507216293354,
638.8338192419825,141.7879077895961,
639.0087463556852,141.87994425650626,
639.1836734693877,141.90391662090784,
639.3586005830904,142.0913106611387,
639.533527696793,142.40228747679544,
639.7084548104956,142.0184408158534,
639.8833819241983,141.4685786290782,
640.0583090379009,141.13958918878774,
640.2332361516035,141.76437454334828,
640.4081632653061,141.79000185423675,
640.5830903790087,141.4658510788746,
640.7580174927114,141.80849209954906,
640.932944606414,141.53291382820103,
641.1078717201166,141.80948081828765,
641.2827988338192,141.61159850177765,
641.4577259475219,141.77650835263447,
641.6326530612245,141.225508566364,
641.8075801749271,141.53585530605693,
641.9825072886297,141.59248768315936,
642.1574344023323,141.2575826634526,
642.332361516035,142.0685505692387,
642.5072886297376,141.44693731161692,
642.6822157434402,141.91378825685604,
642.8571428571429,141.3843744617914,
643.0320699708454,141.47713185567298,
643.2069970845481,141.8147647824469,
643.3819241982508,141.57891067575684,
643.5568513119533,141.53513221205725,
643.731778425656,141.53776914651803,
643.9067055393587,141.1139084754073,
644.0816326530612,141.34222423605593,
644.2565597667639,141.18466585099725,
644.4314868804664,141.45729533755286,
644.6064139941691,141.25610705188433,
644.7813411078718,141.36525646412554,
644.9562682215743,141.34111276370487,
645.131195335277,141.3355079683178,
645.3061224489796,141.32007844409452,
645.4810495626822,141.14983535800917,
645.6559766763849,141.03359384575293,
645.8309037900874,141.115170127345,
646.0058309037901,141.53330844989003,
646.1807580174927,141.34312897639538,
646.3556851311953,141.38049202498155,
646.530612244898,141.5629098239684,
646.7055393586006,140.90722477166207,
646.8804664723032,141.31373527039327,
647.0553935860058,140.9016432987939,
647.2303206997085,141.07099333545398,
647.405247813411,141.25980110594384,
647.5801749271137,141.5264921221201,
647.7551020408164,140.91152922980635,
647.9300291545189,141.0675360621202,
648.1049562682216,141.36445898660523,
648.2798833819242,140.68711241587738,
648.4548104956268,141.1342573345019,
648.6297376093295,140.95082422833667,
648.804664723032,140.79163468318387,
648.9795918367347,141.03288079193936,
649.1545189504374,141.1291192117566,
649.3294460641399,140.73652746584162,
649.5043731778426,141.04371451201746,
649.6793002915451,140.9762242240978,
649.8542274052478,140.60659306033338,
650.0291545189505,141.28956426371477,
650.204081632653,141.15785137458477,
650.3790087463557,140.65455868031182,
650.5539358600583,140.70704730676005,
650.7288629737609,141.0305647460427,
650.9037900874636,140.6981720859275,
651.0787172011662,140.34626935663928,
651.2536443148688,141.0525841962212,
651.4285714285714,140.77672368404288,
651.6034985422741,141.23544953622743,
651.7784256559767,140.83222442946754,
651.9533527696793,140.77477043121453,
652.1282798833819,141.42981208941515,
652.3032069970845,140.65238479278088,
652.4781341107872,140.441562348256,
652.6530612244898,140.72098044457843,
652.8279883381924,140.93178433565657,
653.0029154518951,140.34073023407421,
653.1778425655976,140.38910865301835,
653.3527696793003,140.71278386516707,
653.5276967930029,139.78516790288464,
653.7026239067055,140.29549924654688,
653.8775510204082,140.75170459189422,
654.0524781341107,140.39031325249107,
654.2274052478134,140.1145421086065,
654.4023323615161,140.98671921664092,
654.5772594752186,140.13685842297394,
654.7521865889213,140.34281548581527,
654.927113702624,140.3646386579999,
655.1020408163265,140.4627722915887,
655.2769679300292,140.3337745528943,
655.4518950437317,140.3900742440089,
655.6268221574344,140.4088538187044,
655.801749271137,140.35697572703288,
655.9766763848396,140.3861279546912,
656.1516034985423,139.75224273286156,
656.3265306122449,140.4414049895597,
656.5014577259475,139.964189300929,
656.6763848396502,139.75780675792777,
656.8513119533528,140.62896977267297,
657.0262390670554,139.94641863656992,
657.201166180758,140.2969293931821,
657.3760932944606,140.0429864052555,
657.5510204081633,140.05067488338665,
657.7259475218659,140.32536978983666,
657.9008746355685,139.92656451823447,
658.0758017492711,140.26595398723165,
658.2507288629738,140.2521231977886,
658.4256559766764,140.43222671756612,
658.600583090379,140.04122609431644,
658.7755102040817,140.3710896231447,
658.9504373177842,140.52378239685123,
659.1253644314869,140.47444395037317,
659.3002915451895,140.20845728006216,
659.4752186588921,140.15839421918724,
659.6501457725948,140.74263110172495,
659.8250728862973,140.57247601157906,
660.0,139.80694236118973,rotenone+antimycin
660.0769679300291,140.22949894128647,
660.1539358600583,140.14819826859616,
660.2309037900875,140.01577532595482,
660.3078717201166,140.03603653511078,
660.3848396501458,140.11965473869583,
660.4618075801749,140.23204807991263,
660.5387755102041,140.05240092599314,
660.6157434402332,140.08265688922017,
660.6927113702624,140.34574353911592,
660.7696793002915,140.0771385214371,
660.8466472303207,140.13396408100851,
660.9236151603499,140.2452659847251,
661.000583090379,140.40602406459485,
661.0775510204081,140.30446869288033,
661.1545189504374,140.09201219878696,
661.2314868804665,140.04966232407426,
661.3084548104956,139.69180756611738,
661.3854227405247,140.07072409660614,
661.462390670554,139.73841602059377,
661.5393586005831,139.7416986002013,
661.6163265306122,140.16033569244752,
661.6932944606414,139.9725641646863,
661.7702623906705,140.11576083458758,
661.8472303206997,139.84096768123575,
661.9241982507289,140.29800946244927,
662.001166180758,140.0336515055943,
662.0781341107871,140.29464054233864,
662.1551020408164,140.1660685831257,
662.2320699708455,140.0390207202299,
662.3090379008746,139.87807660780257,
662.3860058309037,140.00558535499246,
662.462973760933,140.2047110819519,
662.5399416909621,140.17212289411873,
662.6169096209912,139.6988122974543,
662.6938775510204,140.25412897376674,
662.7708454810496,139.94423147521147,
662.8478134110787,140.20152439083122,
662.9247813411079,139.8233363952276,
663.001749271137,140.15717228249437,
663.0787172011662,139.7985604898737,
663.1556851311954,140.03004766849506,
663.2326530612245,139.92320100890032,
663.3096209912536,139.9263153188654,
663.3865889212829,139.85606164968252,
663.463556851312,139.95931368651762,
663.5405247813411,139.56254978803838,
663.6174927113702,140.2168583839306,
663.6944606413994,140.23813010735233,
663.7714285714286,139.8870149923685,
663.8483965014577,139.65276980410326,
663.9253644314869,139.83603114312518,
664.002332361516,140.23461204300472,
664.0793002915452,140.1540886539257,
664.1562682215744,139.92262007035055,
664.2332361516035,140.2220271556154,
664.3102040816326,139.73733827149712,
664.3871720116618,139.84454937780748,
664.464139941691,140.11636027225111,
664.5411078717201,139.97373012815413,
664.6180758017492,139.85040203579143,
664.6950437317785,139.36967652795238,
664.7720116618076,140.16551254423325,
664.8489795918367,140.07863891392958,
664.9259475218659,139.56197787844238,
665.0029154518951,140.14778988210736,
665.0798833819242,139.9941175208906,
665.1568513119533,140.06741715492382,
665.2338192419825,140.23400676222425,
665.3107871720116,139.8127367593429,
665.3877551020408,140.17609951414002,
665.46472303207,140.16867199857612,
665.5416909620991,140.18808739539529,
665.6186588921282,140.4066974051568,
665.6956268221575,140.16239217126892,
665.7725947521866,139.85731903299543,
665.8495626822157,140.44730456561487,
665.9265306122448,139.72088032417903,
666.0034985422741,139.88202756199072,
666.0804664723032,139.75659103282914,
666.1574344023323,139.97201826069477,
666.2344023323615,140.26826328138284,
666.3113702623907,140.3221549497904,
666.3883381924198,140.11358781453123,
666.465306122449,139.84536069468493,
666.5422740524781,139.8593033110426,
666.6192419825073,139.84690942641586,
666.6962099125365,140.23591863116116,
666.7731778425656,139.77107362917766,
666.8501457725947,140.2138400294333,
666.927113702624,139.9895599426742,
667.0040816326531,140.04072122869323,
667.0810495626822,140.3756380565554,
667.1580174927113,139.8788749570659,
667.2349854227405,140.4131406096171,
667.3119533527697,139.64534529573683,
667.3889212827988,139.79151753709613,
667.465889212828,139.60311060980484,
667.5428571428571,139.81101298956776,
667.6198250728863,140.14342898488317,
667.6967930029155,140.18214072682116,
667.7737609329446,140.07440228644873,
667.8507288629737,140.06448145099657,
667.927696793003,139.70437671640337,
668.0046647230321,139.66600050234868,
668.0816326530612,140.073680962452,
668.1586005830903,140.33466020490675,
668.2355685131196,139.90667477048905,
668.3125364431487,139.68056855643266,
668.3895043731778,139.61438834114279,
668.466472303207,139.82754553192675,
668.5434402332362,140.3925944161225,
668.6204081632653,139.94577357619713,
668.6973760932945,139.73822261706613,
668.7743440233236,139.84534074953913,
668.8513119533527,139.87682221775447,
668.928279883382,140.06411181438565,
669.0052478134111,139.83270434718636,
669.0822157434402,139.77522356691244,
669.1591836734693,139.9507042144445,
669.2361516034986,140.1148760417293,
669.3131195335277,140.17696940256246,
669.3900874635568,140.13534146464704,
669.467055393586,139.8833342281626,
669.5440233236152,139.57393920607353,
669.6209912536443,139.798079424861,
669.6979591836734,140.06872880889927,
669.7749271137026,139.66429963920277,
669.8518950437318,140.06086326632595,
669.9288629737609,139.85021447328592,
670.0058309037901,139.85216747220448,
670.0827988338192,140.2775852125858,
670.1597667638484,140.05239161804988,
670.2367346938776,140.34027250378685,
670.3137026239067,139.76289521358956,
670.3906705539358,140.28039375861295,
670.467638483965,140.22497856314078,
670.5446064139942,139.24895776561405,
670.6215743440233,139.97564078263787,
670.6985422740524,140.38326456281115,
670.7755102040816,140.19222280587223,
670.8524781341108,139.88737817143826,
670.9294460641399,139.93951086291227,
671.0064139941691,139.67194626527095,
671.0833819241982,140.0492815830953,
671.1603498542274,139.5494154402739,
671.2373177842566,139.7438817745837,
671.3142857142857,140.2774995506966,
671.3912536443148,139.99256719961141,
671.468221574344,139.9068519483603,
671.5451895043732,139.97123067981738,
671.6221574344023,140.68318196370205,
671.6991253644314,140.2565054582698,
671.7760932944607,139.80379811693135,
671.8530612244898,140.41439589820283,
671.9300291545189,139.9755097261031,
672.0069970845481,140.18263769392047,
672.0839650145773,139.8510508473886,
672.1609329446064,139.76324446350074,
672.2379008746356,140.19818662589418,
672.3148688046647,139.8054867732386,
672.3918367346938,139.8023789317057,
672.468804664723,140.22216703537003,
672.5457725947522,139.70719120315658,
672.6227405247813,139.6428954601433,
672.6997084548104,140.13397205966774,
672.7766763848397,139.50773805440704,
672.8536443148688,139.80977704641325,
672.9306122448979,139.90629693258012,
673.007580174927,139.66138171309598,
673.0845481049563,139.7183608302289,
673.1615160349854,140.16417669268898,
673.2384839650146,140.07082172711077,
673.3154518950437,139.76128059350515,
673.3924198250729,140.130079852089,
673.469387755102,140.3775280708329,
673.5463556851312,139.67710400809676,
673.6233236151603,140.01302240929076,
673.7002915451895,140.49187129746343,
673.7772594752187,140.15049843284234,
673.8542274052478,140.20105474160542,
673.9311953352769,139.9476702929552,
674.0081632653062,139.79821752154584,
674.0851311953353,140.28355138429959,
674.1620991253644,140.16113969662075,
674.2390670553935,139.98482766427145,
674.3160349854227,139.8813745293744,
674.3930029154519,139.56077715347547,
674.469970845481,140.03668501785998,
674.5469387755102,139.82478026943932,
674.6239067055393,139.96474489348498,
674.7008746355685,140.1654523066436,
674.7778425655977,140.20270913700614,
674.8548104956268,140.17745870284173,
674.9317784256559,140.56147454363156,
675.0087463556852,140.2889880928753,
675.0857142857143,139.81118891663706,
675.1626822157434,139.7931329796934,
675.2396501457725,140.5797461417275,
675.3166180758018,139.83187692100702,
675.3935860058309,139.98667462494694,
675.47055393586,140.43392323251933,
675.5475218658892,140.42653742920413,
675.6244897959184,139.98405045328957,
675.7014577259475,140.05819423096497,
675.7784256559767,139.58893113506008,
675.8553935860058,139.77062128544972,
675.9323615160349,139.9063936780528,
676.0093294460642,139.99629341820807,
676.0862973760933,139.91687834156596,
676.1632653061224,140.0357819559742,
676.2402332361515,140.54588383905408,
676.3172011661808,140.113793675805,
676.3941690962099,140.07488525751893,
676.471137026239,139.9981650495531,
676.5481049562682,139.9547315593303,
676.6250728862974,140.30594461063268,
676.7020408163265,139.74989310290138,
676.7790087463557,139.96631357931372,
676.8559766763848,139.72376415280914,
676.932944606414,140.01949088606108,
677.0099125364432,140.02747104113865,
677.0868804664723,140.2278350876085,
677.1638483965014,140.29712386578436,
677.2408163265306,140.1634745439053,
677.3177842565598,140.40327328235284,
677.3947521865889,140.39483427757344,
677.471720116618,140.076548132594,
677.5486880466472,140.09104517623658,
677.6256559766764,139.5136380376548,
677.7026239067055,140.07776926176214,
677.7795918367347,139.99643557211078,
677.8565597667638,139.57558465760937,
677.933527696793,139.88986195261978,
678.0104956268221,140.23706445227327,
678.0874635568513,139.68801487900103,
678.1644314868804,140.32094625175142,
678.2413994169096,140.11640829026473,
678.3183673469388,139.94061143801935,
678.3953352769679,139.96212663878555,
678.472303206997,140.20519023664264,
678.5492711370263,139.63985989070258,
678.6262390670554,140.50789894555447,
678.7032069970845,139.79435357819662,
678.7801749271136,139.80638765009346,
678.8571428571429,140.30290050987756,
678.934110787172,140.19522154433318,
679.0110787172011,140.3290563844927,
679.0880466472303,140.25920372904636,
679.1650145772594,140.09180744277978,
679.2419825072886,139.67861242392448,
679.3189504373178,139.87949848307056,
679.3959183673469,140.0473183017357,
679.472886297376,139.99341281796515,
679.5498542274053,139.48451275540958,
679.6268221574344,140.258809800419,
679.7037900874635,140.4304940760731,
679.7807580174926,140.36373226025324,
679.8577259475219,139.743243553961,
679.934693877551,140.1067001555149,
680.0116618075801,139.46608393943401,
680.0886297376093,140.420212996076,
680.1655976676385,139.51273923313553,
680.2425655976676,140.10033565139204,
680.3195335276968,140.288353382736,
680.3965014577259,140.32053889331291,
680.4734693877551,140.08370108925848,
680.5504373177843,139.64129594830356,
680.6274052478134,139.97241451231918,
680.7043731778425,139.930628842034,
680.7813411078718,140.08979825034197,
680.8583090379009,140.24464495658418,
680.93527696793,140.1632186811573,
681.0122448979591,140.52811259999763,
681.0892128279884,140.1629711743608,
681.1661807580175,139.90050408350376,
681.2431486880466,140.4052033486203,
681.3201166180758,139.91907644434409,
681.3970845481049,140.06817433831884,
681.4740524781341,140.04290294217114,
681.5510204081633,139.4244006210027,
681.6279883381924,140.0669134489363,
681.7049562682215,140.0700684489554,
681.7819241982507,139.94528219683716,
681.8588921282799,139.96238671676545,
681.935860058309,139.67660758719978,
682.0128279883381,140.01832428778974,
682.0897959183674,140.3734398321807,
682.1667638483965,139.9533910685775,
682.2437317784256,139.86717702270886,
682.3206997084548,139.84577623687773,
682.397667638484,140.50198043762708,
682.4746355685131,139.658897588361,
682.5516034985422,140.20894590241446,
682.6285714285714,140.0255614118669,
682.7055393586006,140.47793256644448,
682.7825072886297,140.32552481580126,
682.8594752186589,139.97562895408973,
682.936443148688,139.6123413011862,
683.0134110787171,140.35511842139823,
683.0903790087464,140.36221937749133,
683.1673469387755,139.7214829619506,
683.2443148688046,140.18401683488153,
683.3212827988337,139.79751682336538,
683.398250728863,139.8036608839891,
683.4752186588921,139.59538010572123,
683.5521865889212,140.23093476745507,
683.6291545189504,140.06549056710506,
683.7061224489796,140.12133339325732,
683.7830903790087,140.36082719476192,
683.8600583090379,140.1648646197286,
683.937026239067,140.14384914978928,
684.0139941690962,140.1850269303469,
684.0909620991254,139.7315654995289,
684.1679300291545,139.9890921769263,
684.2448979591836,139.69614307191867,
684.3218658892129,139.7727301829282,
684.398833819242,139.97475433520674,
684.4758017492711,140.2631803651239,
684.5527696793002,140.51226196405497,
684.6297376093294,139.7264101698571,
684.7067055393586,140.04104106466986,
684.7836734693877,139.9799808515287,
684.8606413994169,140.12951736618595,
684.937609329446,140.1433109311575,
685.0145772594752,140.08831375165423,
685.0915451895044,139.75591432496836,
685.1685131195335,140.09637731631844,
685.2454810495626,140.22079013884968,
685.3224489795919,139.86936075246862,
685.399416909621,140.49224969147787,
685.4763848396501,139.9389801650935,
685.5533527696792,139.8392434111316,
685.6303206997085,140.07180322018223,
685.7072886297376,139.93331108954536,
685.7842565597667,139.65591525705386,
685.8612244897959,139.9911692639495,
685.9381924198251,140.39663407080485,
686.0151603498542,140.4983415399402,
686.0921282798834,139.85594809545756,
686.1690962099125,140.2240271114907,
686.2460641399416,140.0308408242935,
686.3230320699708,140.06868011799332,
686.4,140.3145512638837,end
